Experiment,Mean Idle Times,Sum Idle Times,Downtime,Mean CT,Parts Done,Cycle Time
1,"[675.932484983697, 1685.0978551658045, 37.310788037445086, 4171.763688141925, 2656.850983534175, 2344.020733946964, 1825.6738950621345]","[468161.0504509028, 254213.14542868861, 212037.20841680042, 2198371.6577838324, 2263372.435849323, 2294241.0036691516, 2186921.7371658566]","[15, 21, 8, 18, 14, 7, 11]","[1564.272782136391, 1791.2923289564617, 913.6411702502644, 953.2916513424053, 974.0698985343855, 993.1034482758621, 1012.8956623681125]",2529.0,1024.9110320284697
2,"[945.0995429438412, 2317.9460813284886, 809.1320972751636, 3585.439457588482, 4484.580117867724, 4226.659495162969, 3476.444336016325]","[495645.41256320896, 234510.3575641048, 204233.45884446354, 2222110.908432387, 2203888.995283067, 2238724.1389769535, 2191293.2390434565]","[18, 19, 17, 14, 16, 15, 18]","[1597.0425138632163, 1840.909090909091, 938.1107491856677, 976.271186440678, 994.6277820414429, 1013.2916340891321, 1036.8]",2461.0,1053.23039414872
3,"[920.8746344323794, 459.4151189970959, 35.495539000146614, 4029.964439192082, 2960.379403712454, 1796.3995177667696, 2779.836399169327]","[454574.5402894458, 230657.6969342094, 200798.2641238294, 2192080.936626834, 2230293.665958016, 2287566.8852969636, 2166347.951780881]","[14, 10, 14, 18, 16, 6, 12]","[1574.726609963548, 1802.5034770514603, 918.8231123714995, 957.1639586410635, 974.4360902255639, 992.7230945997702, 1017.2684458398744]",2509.0,1033.080908728577
4,"[404.3989969466662, 87.96872364043531, 467.8061273785742, 3734.263766613231, 3749.0982031865865, 5803.388374159283, 4061.4882876985844]","[510318.9735934449, 245302.62203867975, 218815.8738065996, 2166824.2933648587, 2177021.3288972266, 2215403.580219499, 2152053.380624789]","[17, 12, 19, 21, 17, 22, 18]","[1604.953560371517, 1860.732232591529, 945.2954048140044, 986.6768176627331, 1007.3843762145356, 1028.5714285714287, 1048.9680291380007]",2446.0,1059.6892886345054
5,"[371.3412145592298, 84.59757688424429, 131.5188797751285, 4191.2705920569715, 3412.666428055681, 4622.61119646902, 3316.2808733895986]","[466305.59244728944, 239157.7637413347, 177857.8273210246, 2242240.653260789, 2240922.4804242114, 2200591.1317585628, 2137017.383792511]","[12, 13, 14, 15, 13, 19, 17]","[1598.0271270036992, 1827.9266572637518, 934.7277316985214, 975.1693002257337, 993.4840935224224, 1011.3148653921186, 1031.8471337579617]",2484.0,1043.4782608695652
6,"[769.9114181177237, 883.4501422955394, 271.9118453229614, 2999.383065926187, 3441.139325403034, 5263.671962883537, 2166.071991495402]","[468018.5353430519, 226855.53645647818, 202634.02954337472, 2222868.849392888, 2230915.1825912273, 2225637.520102501, 2259900.0846426045]","[13, 13, 24, 11, 15, 20, 9]","[1597.0425138632163, 1839.6025550035486, 936.0780065005417, 974.0698985343855, 991.9632606199771, 1013.687915526007, 1034.7305389221558]",2481.0,1044.7400241837968
7,"[1794.8979067730957, 566.0630252746338, 34.00937870014249, 4014.6708183401497, 4445.2712919842, 4956.482462994479, 4642.973537003538]","[485038.35029271245, 235660.39386974397, 192390.99806039693, 2219539.4426549114, 2168685.7329601217, 2230698.6859465125, 2091063.7142047489]","[12, 11, 6, 15, 16, 14, 19]","[1570.909090909091, 1791.2923289564617, 915.9010600706714, 954.3446244477173, 972.972972972973, 993.1034482758621, 1016.0721285770286]",2518.0,1029.3884034948371
8,"[2490.6358226826546, 80.32430067983263, 414.8651447902042, 4455.653356523365, 3086.399713417546, 3645.130667519039, 3537.577415271707]","[469707.46524741163, 231815.931761997, 210665.47655320363, 2230118.2011844865, 2237780.9384325356, 2238104.7205457855, 2185825.658766205]","[14, 13, 14, 17, 20, 13, 12]","[1580.4878048780488, 1805.0139275766016, 921.7638691322902, 961.0678531701891, 979.9621928166351, 999.6143463170073, 1026.9413629160063]",2480.0,1045.1612903225807
9,"[874.1241514753827, 78.43071682693517, 32.71982739989635, 2769.8741806794415, 3748.6871720706695, 3139.882000171578, 3386.6955685081925]","[465974.918194492, 225174.5880101309, 183787.2705052178, 2230974.9601905895, 2261017.155923818, 2231897.4655080284, 2155556.942120287]","[15, 16, 10, 11, 14, 14, 13]","[1578.5627283800243, 1816.3980378416259, 924.7235105244381, 961.0678531701891, 975.1693002257337, 995.3917050691244, 1019.669551534225]",2509.0,1033.080908728577
10,"[2499.499940795226, 1378.1755827929949, 39.70246759629683, 3783.0005655540413, 4949.760307192688, 4109.6571760949455, 4203.814401343492]","[524906.2720909268, 262646.09863017674, 220745.71983541036, 2196409.963364008, 2191230.394437059, 2222632.2947585015, 2136062.6708918656]","[17, 18, 15, 19, 16, 15, 19]","[1592.137592137592, 1835.6940509915014, 935.0649350649351, 976.271186440678, 997.3066564063101, 1017.2684458398744, 1038.045654785743]",2468.0,1050.2431118314425
11,"[474.6773165608166, 291.906167287803, 299.0307235034009, 2559.807917643314, 3579.930599389713, 4751.836697514109, 3645.6151614695177]","[453474.1355024812, 230514.2563588695, 185180.3775078627, 2270448.083564088, 2139767.437382297, 2223255.996584457, 2153524.6885674475]","[11, 15, 19, 10, 16, 16, 16]","[1596.0591133004925, 1821.5038650737877, 931.3690262306864, 971.5142428785607, 989.6907216494845, 1008.9528999610743, 1033.4928229665072]",2475.0,1047.2727272727273
12,"[156.32105363961858, 1259.1866970593, 34.9604824649041, 3330.2735477465094, 5058.057987506045, 5615.535533644917, 5253.604126187293]","[510231.9190797151, 230856.74831720293, 194415.2429873317, 2234190.598407012, 2195664.7968828906, 2168279.0284080952, 2146505.6024888544]","[15, 14, 18, 13, 22, 26, 16]","[1596.0591133004925, 1838.2978723404256, 935.4023818116203, 972.6078799249531, 992.7230945997702, 1019.669551534225, 1048.9680291380007]",2435.0,1064.476386036961
13,"[869.2947130340328, 964.7047693995501, 31.96520609612528, 2617.617765133791, 4521.4929921911935, 5108.5587810162515, 5392.514384124874]","[478634.59450586094, 238888.1556505799, 177790.4763066488, 2226789.5741073433, 2218021.441876535, 2234224.3098672996, 2157764.2560126823]","[11, 10, 13, 11, 16, 14, 17]","[1594.0959409594095, 1830.5084745762713, 934.3907714491709, 973.3383402177994, 990.4470768055024, 1008.5603112840467, 1030.6163021868788]",2482.0,1044.3190975020145
14,"[1048.3370039806866, 1731.0958019042296, 137.58114884680768, 2528.7833206244377, 3384.7053864127292, 3019.638334806844, 3714.695110554426]","[466468.30968226993, 208991.60389053432, 183521.64355922458, 2237747.6793962675, 2214679.7616901426, 2262447.6202555355, 2206867.9371340233]","[13, 15, 15, 14, 14, 14, 12]","[1610.938471100062, 1842.2174840085288, 942.2028353326064, 979.5918367346939, 993.4840935224224, 1010.1325019485581, 1032.258064516129]",2477.0,1046.4271295922488
15,"[544.7583825273017, 818.6872613330985, 403.54571986069186, 3018.3610997349433, 3721.1876306447, 2590.299561970727, 5083.282803278871]","[475006.37242363056, 262632.3619991009, 213916.86782208562, 2208604.3175827432, 2184667.3990381733, 2253038.447506813, 2132185.9208256532]","[12, 15, 17, 15, 21, 13, 17]","[1583.3842394624312, 1827.9266572637518, 929.3653639297239, 967.525195968645, 985.1767388825542, 1006.2111801242236, 1031.4365300437723]",2478.0,1046.0048426150122
16,"[1367.8774851487951, 1495.0843569780454, 38.30231635290862, 3825.5732670593666, 3372.0321246174267, 2875.8583877905194, 2620.585700225191]","[437386.8955233214, 223593.91698255023, 215105.80863793482, 2225479.379022607, 2246712.4498278084, 2268148.840146925, 2262778.450503267]","[15, 13, 13, 16, 12, 13, 9]","[1590.1840490797547, 1806.2717770034844, 925.3837915030347, 964.644585039077, 982.9351535836178, 1001.5455950540958, 1024.505928853755]",2499.0,1037.2148859543818
17,"[922.635150952295, 831.5538902840867, 421.4594593542566, 3926.679889299446, 3738.191009215975, 1653.6496512124356, 3048.600224764239]","[476399.3314118593, 260860.4070677997, 213855.92047582538, 2217898.353818826, 2216282.1262083347, 2296692.355914233, 2200819.889678384]","[13, 16, 12, 17, 15, 8, 15]","[1595.076923076923, 1831.8021201413428, 934.0540540540541, 973.7039819684447, 992.7230945997702, 1011.7096018735363, 1031.4365300437723]",2486.0,1042.6387771520515
18,"[532.1458324019636, 75.83425515350692, 34.17019585838535, 3243.9775469157116, 2210.2948770922094, 3297.051974657171, 4286.025869452147]","[473015.62450658286, 218933.49462817446, 192993.26620816046, 2223601.994211357, 2241876.2529160767, 2230209.68155993, 2170804.9142240044]","[13, 14, 11, 13, 8, 14, 14]","[1573.7704918032787, 1805.0139275766016, 919.8012775017743, 957.1639586410635, 974.8025573523881, 992.7230945997702, 1013.2916340891321]",2525.0,1026.5346534653465
19,"[156.1431704435211, 1345.5003886839843, 116.86325216456707, 3083.2332485094125, 3160.5199508447413, 3434.2712782682656, 4912.547947182721]","[506840.73125966947, 239030.85072091583, 183805.8694052395, 2253279.454465266, 2240946.8945003953, 2223739.2651813324, 2176286.56098072]","[11, 14, 18, 15, 14, 14, 17]","[1602.9684601113172, 1854.0772532188842, 943.5748088824172, 982.9351535836178, 1000.0, 1018.8679245283018, 1043.4782608695652]",2448.0,1058.8235294117646
20,"[1210.1796048637189, 776.4627872242495, 406.58050147044014, 5888.246714489317, 2762.3872423869134, 3175.526474720635, 3238.8516785015554]","[468747.02661388076, 256364.45849734903, 221869.95142044008, 2148884.899450941, 2234783.4413363724, 2259276.9199373894, 2190637.1806357293]","[11, 16, 16, 24, 14, 14, 11]","[1575.6838905775076, 1807.5313807531381, 921.4361891219339, 963.5687732342008, 986.6768176627331, 1005.4305663304888, 1024.505928853755]",2502.0,1035.9712230215828
21,"[138.53471679166307, 87.59983830205925, 1098.9647995099363, 2115.7222294593457, 3510.573438677761, 3795.133045028486, 4788.146004426028]","[450156.89931375993, 249922.33867577507, 169948.5516529608, 2268033.1294905036, 2248411.7995468853, 2230246.5019941144, 2105418.857554068]","[11, 12, 18, 10, 16, 14, 17]","[1595.076923076923, 1825.3521126760563, 932.0388349514564, 970.4230625233995, 986.6768176627331, 1004.2619139868268, 1026.9413629160063]",2489.0,1041.3820811570913
22,"[1367.8903507681828, 771.5179276507088, 750.9813008230572, 4562.257427573198, 3719.152740593038, 2964.513532946044, 3889.289025547193]","[491166.3529961053, 226981.33710533188, 201214.8858473813, 2195690.1647029286, 2245575.6554790186, 2220810.0849822117, 2145781.909236772]","[17, 14, 8, 20, 15, 16, 15]","[1579.524680073126, 1820.2247191011236, 926.0450160771704, 965.3631284916202, 985.5513307984791, 1006.6019417475728, 1029.3884034948371]",2487.0,1042.2195416164052
23,"[144.15907019718543, 86.1476308591061, 265.87516823307465, 3703.097728810951, 2360.1146807257965, 3934.1569476556156, 3246.715999841168]","[470910.55897725455, 242714.69775591933, 182498.71214996482, 2251328.9082132573, 2242387.1416050512, 2226790.833622989, 2138144.598975102]","[18, 17, 11, 12, 13, 15, 17]","[1593.1161647203442, 1836.9950389794471, 934.3907714491709, 973.3383402177994, 989.3129770992366, 1007.3843762145356, 1032.258064516129]",2476.0,1046.8497576736672
24,"[458.841209925322, 419.70592040482813, 614.9425386955473, 4861.063605190302, 1925.849126852318, 2554.479137958967, 6011.13042414329]","[461563.2761297557, 244048.44724929967, 200201.45516213152, 2166875.4591302574, 2259988.962109348, 2265569.95215169, 2035916.6768046406]","[15, 7, 16, 18, 11, 9, 21]","[1600.9882643607166, 1831.8021201413428, 935.7400722021661, 974.8025573523881, 988.9355207935903, 1004.2619139868268, 1031.0262529832935]",2473.0,1048.1196926809544
25,"[1217.412221288082, 160.14069065855992, 377.43990300054, 3925.920325607873, 4620.928547473852, 4504.386887732035, 3734.8624764619617]","[511529.60515948076, 228717.68691036286, 181517.6509123579, 2245874.0242547207, 2197058.8163751615, 2227236.547495643, 2145210.607316651]","[13, 11, 19, 12, 17, 17, 17]","[1597.0425138632163, 1824.0675580577058, 930.7001795332136, 967.525195968645, 986.6768176627331, 1009.7389949357226, 1033.905065815716]",2478.0,1046.0048426150122
26,"[2141.115079129464, 1049.5517051232061, 36.104897915920134, 4260.288892770309, 3838.4919176296457, 4757.874938316437, 2889.109528611616]","[458980.81092658715, 263297.1393497328, 202765.10669580745, 2212501.60481567, 2209154.1414738637, 2216862.1902603884, 2215816.1305685006]","[10, 14, 11, 18, 14, 19, 13]","[1586.2913096695227, 1807.5313807531381, 925.0535331905782, 964.2857142857143, 982.1902235695339, 1003.0959752321982, 1025.7222002374358]",2503.0,1035.557331202557
27,"[879.6309030325228, 78.3614735622735, 31.27095460367269, 1476.8570837522605, 2321.7112122498706, 3367.311088200629, 2750.0432510253895]","[458168.5830637751, 219425.59980332805, 173022.19182212098, 2295530.020391337, 2245695.8341733683, 2247993.7454445274, 2191371.1005747984]","[24, 9, 18, 6, 9, 16, 11]","[1608.9385474860335, 1844.8398576512454, 940.1523394994559, 977.744247453791, 992.3430321592649, 1008.5603112840467, 1031.4365300437723]",2481.0,1044.7400241837968
28,"[1607.7573240550091, 555.8458427066288, 264.1882193365042, 2872.9727745342393, 4609.349030555786, 3544.5624694248936, 2876.8665210826366]","[480271.71592919476, 230273.81505718688, 180235.30991862845, 2223386.0675359806, 2198844.805782222, 2207103.8835598337, 2201670.16183184]","[20, 14, 12, 12, 15, 16, 12]","[1590.1840490797547, 1827.9266572637518, 930.3661162957645, 966.8034315553898, 983.3080424886191, 1006.2111801242236, 1031.4365300437723]",2482.0,1044.3190975020145
29,"[893.1294677302245, 316.0158052630127, 379.2749159935952, 2413.973890844268, 3275.9619672127506, 2194.6702423154525, 2653.8940613135837]","[453783.75140657433, 230513.91323299718, 196940.3012196623, 2244825.2356994115, 2226377.255175612, 2266661.010639845, 2201459.936816472]","[17, 13, 19, 14, 14, 9, 8]","[1604.953560371517, 1843.5277382645804, 940.4934687953556, 977.3755656108598, 993.4840935224224, 1011.7096018735363, 1032.6693227091635]",2481.0,1044.7400241837968
30,"[1420.423101112883, 641.0295611229747, 197.86170442818818, 2826.616229863308, 3446.044063593003, 3708.10296732519, 5397.136239235821]","[479282.675011999, 247728.25947637143, 198815.0506069761, 2248451.7584769824, 2239428.2047063042, 2265644.707976079, 2095790.153602147]","[24, 14, 19, 12, 15, 16, 20]","[1613.9476961394769, 1854.0772532188842, 945.640277271069, 984.0546697038725, 1000.0, 1019.669551534225, 1046.8497576736672]",2438.0,1063.1665299425758
31,"[1243.745898459651, 833.5709019896752, 32.109520764904204, 3085.509075231346, 3369.4568514532516, 4555.601323041028, 2864.2177528537263]","[477524.23825090675, 245103.00785101805, 182927.93979765923, 2214574.3635809626, 2251891.3126101918, 2207301.816347844, 2124746.4142994233]","[10, 12, 14, 12, 11, 18, 13]","[1566.1631419939577, 1786.354238456237, 912.3548046462513, 949.798460974716, 966.8034315553898, 986.3013698630137, 1010.1325019485581]",2536.0,1022.0820189274448
32,"[251.4251114378608, 83.45765023819973, 36.34076498705534, 2211.2364377681547, 3177.4200801084407, 1188.0431250326417, 1721.794011356623]","[308731.8085389836, 164495.02861949167, 140129.98979008538, 1488294.1624307458, 1480893.3692359752, 1508835.7059932156, 1452392.5861387819]","[13, 16, 16, 12, 21, 12, 14]","[2316.353887399464, 2636.826042726348, 1347.8939157566303, 1404.878048780488, 1429.6745725317153, 1456.9983136593592, 1489.655172413793]",1717.0,1509.6097845078625
33,"[3058.147326737048, 79.74083134874144, 209.6869255552708, 2283.846727382127, 5410.2211016819065, 5741.227851076801, 4716.588784328089]","[514648.4873509732, 223964.58032027967, 201952.59238607905, 2251899.285487115, 2178168.5119958236, 2217380.6270126393, 2090112.7069897694]","[9, 17, 18, 11, 21, 21, 19]","[1604.953560371517, 1844.8398576512454, 940.4934687953556, 979.5918367346939, 997.3066564063101, 1017.2684458398744, 1041.3820811570913]",2454.0,1056.234718826406
34,"[1015.8155420108789, 518.5905179631318, 39.74589312921455, 3951.1587232325546, 4286.081642290602, 3621.7441443797356, 4314.5326280815425]","[421179.8813873818, 227532.82962464343, 196094.52767597267, 2248340.2990868064, 2217987.1726042265, 2235033.1602374706, 2167390.9306367766]","[9, 14, 14, 12, 16, 16, 14]","[1590.1840490797547, 1808.7927424982554, 926.3759828448892, 962.852897473997, 979.5918367346939, 998.4591679506934, 1018.467583497053]",2517.0,1029.797377830751
35,"[2925.050777033778, 642.0533114470826, 354.5843898587591, 1422.4513593354613, 4599.067448542695, 4520.524461168015, 2392.039395421357]","[461333.0188402839, 249577.02928932, 163643.4425567093, 2258310.079193492, 2216619.540190498, 2194444.203634228, 2196604.3267688532]","[14, 12, 17, 8, 18, 20, 11]","[1581.4521049420377, 1797.50346740638, 920.4545454545455, 957.1639586410635, 972.6078799249531, 992.3430321592649, 1016.4705882352941]",2519.0,1028.9797538705836
36,"[1654.4517014512455, 1742.7964543631017, 340.649932160753, 3573.50044772069, 5052.132251636154, 3887.3162570335694, 4021.036580261853]","[499051.4272265943, 271335.4489441692, 217873.78413646983, 2238996.4016541913, 2183564.945665767, 2220471.988091587, 2181792.477344616]","[21, 17, 18, 15, 21, 16, 15]","[1618.9881324172393, 1876.9007965242579, 953.9933750460066, 996.1568024596464, 1014.8786217697728, 1035.557331202557, 1058.3911800734993]",2424.0,1069.3069306930693
37,"[2323.431876777851, 1947.2392737582622, 35.9159622793946, 1654.920586654715, 6894.70658460058, 2719.414017864857, 4890.129055939846]","[484579.29308923444, 219447.28941367927, 197659.37007130033, 2255560.5254161227, 2209958.1998741864, 2289895.2442301842, 2192604.206148446]","[18, 20, 16, 5, 22, 7, 17]","[1609.9378881987577, 1854.0772532188842, 944.2622950819672, 983.3080424886191, 1000.0, 1021.6791486007095, 1048.5436893203882]",2440.0,1062.295081967213
38,"[989.4384983800634, 809.4677934931874, 673.7813166017871, 4907.766168146535, 6049.179870544926, 3483.819030799659, 4008.0987428733665]","[507325.54611786525, 229252.04260356753, 207934.6203969419, 2182677.14420953, 2209733.3514098534, 2248208.839748361, 2110084.0818056706]","[11, 13, 19, 20, 20, 16, 17]","[1589.209074187615, 1831.8021201413428, 930.3661162957645, 968.9719626168225, 989.6907216494845, 1013.2916340891321, 1038.877755511022]",2462.0,1052.8025995125913
39,"[1535.8842534787364, 1187.971786060732, 33.85315395737723, 1518.627192938304, 2668.932581365391, 3761.6997896554594, 3701.60993468649]","[483694.68635950546, 259993.9433226216, 190525.55047211907, 2248444.589928534, 2211804.6831326615, 2241269.20670801, 2166385.3262451543]","[14, 17, 19, 6, 13, 14, 15]","[1571.8617343844755, 1824.0675580577058, 924.3937232524964, 960.711638250556, 978.1132075471698, 999.2289899768697, 1024.505928853755]",2492.0,1040.1284109149278
40,"[695.1448591996063, 477.02336179984576, 115.44877765124443, 4975.889343577539, 2545.425254662929, 3255.6434773552987, 3443.3373614411153]","[476800.9005880171, 244913.51965002847, 217288.25298840145, 2213707.982195807, 2241846.5369625455, 2222992.0842824043, 2248438.881655088]","[15, 17, 15, 17, 12, 13, 10]","[1584.3520782396088, 1818.9473684210527, 925.3837915030347, 964.644585039077, 983.6812144212523, 1003.0959752321982, 1022.8887134964483]",2509.0,1033.080908728577
41,"[1967.503850958354, 695.2957494550794, 86.3677898324394, 3479.5929295797478, 3402.3151466401355, 3374.079459233607, 3167.245194708699]","[472108.83077122853, 242382.18017005373, 219657.36930174934, 2223246.991091108, 2227901.9660514304, 2240235.417242383, 2192136.838084426]","[17, 16, 18, 13, 16, 12, 14]","[1603.960396039604, 1846.1538461538462, 939.4708227618703, 978.8519637462235, 998.8439306358382, 1017.6678445229682, 1040.5459654757126]",2456.0,1055.3745928338762
42,"[185.37016481746994, 1082.1532366376557, 681.9555805753607, 4289.712805438158, 2976.6429582394953, 3418.0419819459585, 2688.1529703456554]","[526663.1405740886, 240052.03399202315, 205714.15797726452, 2198322.8936319607, 2215920.846780299, 2221636.7550446764, 2188211.9261510507]","[17, 18, 18, 19, 16, 15, 12]","[1580.4878048780488, 1833.097595473833, 929.0322580645161, 969.6969696969697, 991.2045889101338, 1012.5, 1035.1437699680512]",2474.0,1047.696038803557
43,"[734.0726597829561, 970.7120601549507, 37.53090232418879, 3541.8161017998336, 5189.235668916483, 4907.216060822452, 1895.0499964409496]","[494797.3654554677, 246014.90112507198, 209084.65684805572, 2219726.0023587397, 2179540.472727698, 2225271.9455835335, 2239115.794583949]","[15, 15, 8, 16, 23, 17, 12]","[1582.4175824175825, 1834.3949044585988, 932.0388349514564, 970.7865168539325, 988.9355207935903, 1013.2916340891321, 1038.877755511022]",2464.0,1051.948051948052
44,"[210.91451988051006, 84.12463187250239, 38.55068794849256, 1388.4833084301831, 1186.31015306488, 2436.0580601349056, 1053.8878294111637]","[161644.88449617045, 74282.04994341961, 66731.24083884062, 693650.7726708993, 682372.800120421, 670024.6843924684, 669185.992046696]","[10, 6, 13, 12, 9, 20, 14]","[5102.36220472441, 5890.909090909091, 3003.476245654693, 3126.658624849216, 3176.470588235294, 3231.9201995012468, 3310.344827586207]",772.0,3357.5129533678755
45,"[1417.6357454485235, 221.2924565433695, 33.75790614042269, 2992.866964895566, 4829.847372136985, 3126.243485182162, 3483.3685788619746]","[435330.909475649, 233629.48364458536, 188740.45323110325, 2223377.8652036157, 2208320.263392684, 2223259.334379753, 2152749.609363169]","[7, 15, 18, 13, 17, 14, 14]","[1596.0591133004925, 1817.671809256662, 930.3661162957645, 968.2480388494583, 987.4285714285714, 1007.3843762145356, 1026.9413629160063]",2496.0,1038.4615384615386
46,"[2128.111650975263, 414.10623671513434, 32.80741917600178, 1939.6288428082762, 2966.6450749105225, 4344.06724038227, 5094.649996492128]","[455992.6878870094, 232690.34782885306, 183655.93254725798, 2250290.7188702957, 2257598.487957755, 2226261.085408026, 2025022.1902039822]","[15, 13, 17, 11, 10, 16, 24]","[1586.2913096695227, 1821.5038650737877, 929.0322580645161, 967.8864824495893, 985.5513307984791, 1005.4305663304888, 1031.4365300437723]",2476.0,1046.8497576736672
47,"[1579.3153031210654, 1018.1687292523902, 299.5025048173409, 3273.4745753350917, 2530.253873468249, 3038.0984470877916, 2189.9721596386303]","[474316.8647494647, 231026.78654840623, 186440.87628336172, 2236629.2035463382, 2284175.590790214, 2262230.4315442927, 2190709.877820609]","[15, 14, 13, 14, 9, 15, 12]","[1583.3842394624312, 1803.7578288100208, 923.0769230769231, 961.4243323442137, 979.5918367346939, 999.2289899768697, 1020.4724409448819]",2510.0,1032.6693227091635
48,"[238.0570293061194, 85.61680332037623, 1116.9140660728751, 3829.0244691549847, 2939.80637866477, 3035.503734252431, 2937.8753637824343]","[495570.80053619924, 241741.82834657608, 181480.0076805862, 2201861.2273574565, 2282335.619601736, 2250212.45273633, 2233343.576528883]","[15, 16, 17, 18, 11, 9, 11]","[1597.0425138632163, 1840.909090909091, 937.4321880650995, 976.271186440678, 994.2462600690449, 1014.481409001957, 1038.045654785743]",2467.0,1050.6688285366843
49,"[407.27427427864166, 142.3754309227157, 321.22316297164446, 2227.0812090083455, 1816.9253914014937, 1981.9034606268565, 2638.0501545745415]","[447097.8001521164, 233986.76930788587, 184184.40014280117, 2222342.1601731256, 2256187.0841263067, 2273898.545147648, 2216218.64196757]","[14, 14, 18, 10, 10, 13, 11]","[1592.137592137592, 1827.9266572637518, 930.032292787944, 964.644585039077, 980.3328290468986, 1003.4843205574913, 1025.3164556962026]",2504.0,1035.1437699680512
50,"[2173.2538377559085, 518.6970233882605, 451.16988461207956, 2474.956738849532, 2451.2936358689603, 4347.9642102208745, 2642.3738352384785]","[462022.43734778214, 213533.39859235496, 177583.68065816304, 2260202.9490826502, 2227687.403240477, 2176899.6549499356, 2180047.7514176145]","[15, 13, 14, 11, 10, 20, 11]","[1566.1631419939577, 1791.2923289564617, 913.6411702502644, 950.1466275659824, 967.8864824495893, 990.0687547746371, 1016.0721285770286]",2513.0,1031.4365300437723
51,"[1453.5097953585187, 873.6318212788757, 215.4332428134613, 4353.88579210216, 2741.1624625788686, 3640.117093240541, 3028.912662457914]","[482651.7555755542, 238386.82676968843, 205670.0005462988, 2200200.0272358917, 2255432.322426593, 2203698.5278013614, 2242802.54421238]","[13, 21, 20, 16, 9, 17, 10]","[1578.5627283800243, 1813.8558432470259, 923.7348538845331, 963.5687732342008, 982.1902235695339, 1000.7722007722008, 1023.696682464455]",2499.0,1037.2148859543818
52,"[846.789124876717, 1178.914457171113, 446.755398976677, 3604.95038836005, 3883.3972958732493, 2919.696691588052, 3322.7502659510374]","[467971.2027772048, 232934.61326679983, 191527.08571053314, 2250964.2520765765, 2225172.6107404176, 2246791.576573217, 2187738.3968225853]","[12, 18, 20, 13, 15, 12, 12]","[1594.0959409594095, 1840.909090909091, 936.0780065005417, 975.9036144578313, 991.9632606199771, 1008.5603112840467, 1031.4365300437723]",2478.0,1046.0048426150122
53,"[522.4307203964354, 862.150539311042, 123.67886318525265, 3310.1627420494874, 3128.338385088423, 4855.373375757415, 3087.2276620082134]","[463320.7256499626, 267303.50597539416, 199018.13007213984, 2255378.570986697, 2209543.3935658806, 2162184.9992555175, 2174274.162136039]","[11, 10, 17, 12, 15, 21, 15]","[1599.0129549660703, 1827.9266572637518, 934.3907714491709, 971.8785151856018, 989.3129770992366, 1011.3148653921186, 1038.4615384615386]",2461.0,1053.23039414872
54,"[2533.9653279379786, 71.70200541607488, 622.0911917312684, 3497.0412972634194, 2577.942305822523, 4289.1807212135955, 2183.612540315068]","[474668.78313567763, 203275.18535457228, 213691.72451673175, 2174337.769808803, 2206564.4810464657, 2234343.401096524, 2197348.644625879]","[17, 8, 19, 18, 14, 16, 10]","[1603.960396039604, 1834.3949044585988, 936.7546078785689, 974.4360902255639, 989.3129770992366, 1008.9528999610743, 1035.9712230215828]",2465.0,1051.521298174442
55,"[2190.9938704387587, 822.5724121178223, 31.606938977478954, 2677.6641851322674, 4426.600647962587, 4264.271733891326, 3861.5177403466328]","[486050.406778328, 231052.46492675322, 177346.5346026344, 2249600.3170136097, 2206161.7784566553, 2177119.891700052, 2124568.3852235493]","[15, 18, 8, 11, 19, 18, 17]","[1582.4175824175825, 1813.8558432470259, 925.3837915030347, 961.7810760667903, 980.7037457434733, 1003.4843205574913, 1029.797377830751]",2479.0,1045.582896329165
56,"[2287.9345721979967, 90.09934774566416, 405.60287865489965, 4708.089985755559, 3485.777187357417, 3807.6706977464023, 2855.11264098014]","[498231.79769196775, 259215.82346427583, 222540.35022034965, 2193983.479407793, 2205895.1513105044, 2242765.1098858328, 2203696.2062307424]","[14, 12, 12, 16, 14, 16, 11]","[1572.8155339805826, 1810.0558659217877, 921.4361891219339, 960.0, 981.0749432248297, 1002.7079303675048, 1023.696682464455]",2502.0,1035.9712230215828
57,"[1678.4719626880906, 251.91108304249784, 40.786866494876946, 7177.248919239016, 4827.452957906687, 4824.81979382242, 5682.361400013286]","[505666.39383759454, 218447.59366724602, 223756.74959089493, 2157045.8811209807, 2218682.6861434723, 2194773.7540446324, 2075246.5987822537]","[16, 18, 21, 31, 15, 16, 22]","[1616.9681846537742, 1860.732232591529, 948.7554904831625, 992.7230945997702, 1013.2916340891321, 1033.080908728577, 1058.8235294117646]",2415.0,1073.2919254658384
58,"[1319.3893352340056, 93.61499857321644, 207.2200394093723, 3910.619233361886, 4935.026249984763, 4869.81702762784, 4093.012779999556]","[499000.63431543077, 266241.05594222754, 213959.7540413689, 2165093.4693952305, 2249538.271177031, 2192784.076986888, 2183380.3021591567]","[17, 15, 22, 16, 16, 21, 16]","[1581.4521049420377, 1833.097595473833, 929.0322580645161, 967.8864824495893, 987.052551408987, 1007.3843762145356, 1029.797377830751]",2488.0,1041.8006430868168
59,"[1016.8652769783777, 1522.9162568912, 162.9193679029766, 3926.195350437332, 3715.813933586914, 5825.964459462987, 3271.2161667291293]","[472025.9965542923, 260459.53250418894, 205381.22336463572, 2212744.3598839357, 2235699.3917635498, 2205045.3994500763, 2171731.1023995057]","[13, 19, 11, 16, 11, 20, 13]","[1567.1100362756954, 1795.0138504155125, 915.5775344401271, 955.7522123893805, 975.5363191569439, 996.1568024596464, 1020.8743599842458]",2506.0,1034.317637669593
60,"[1369.3343229679074, 456.77315780813336, 37.83141331253384, 4776.652213304422, 4102.773308148269, 3661.0646705784593, 3909.1834063427455]","[490522.07272140833, 230252.71415250408, 213293.5082560658, 2245809.87854645, 2224273.7617321634, 2221976.297030005, 2173402.6775698443]","[14, 11, 13, 17, 15, 12, 16]","[1579.524680073126, 1802.5034770514603, 921.7638691322902, 960.711638250556, 979.5918367346939, 1000.3859513701274, 1023.2925384919068]",2500.0,1036.8
61,"[523.5167029272736, 526.0476383228954, 30.350744445603244, 3596.6132423967842, 1918.7641251909479, 3436.2753673660195, 3464.2104387659047]","[487990.2531494232, 228357.93374259718, 169326.8032620205, 2224128.6289156075, 2263558.726600078, 2166503.118669928, 2161058.38964628]","[19, 13, 6, 12, 11, 15, 13]","[1582.4175824175825, 1831.8021201413428, 930.3661162957645, 968.609865470852, 981.8181818181819, 997.6905311778291, 1022.8887134964483]",2497.0,1038.045654785743
62,"[1397.78959105376, 1465.6740966216178, 398.9131092903846, 4416.459731519868, 4547.500546932745, 4012.135206627405, 3514.2352132157494]","[466600.51726174325, 233510.26376207534, 197745.7680754597, 2212670.1797469417, 2214244.878060332, 2213607.7539843284, 2194948.655306335]","[19, 18, 8, 16, 18, 14, 12]","[1581.4521049420377, 1818.9473684210527, 924.3937232524964, 965.3631284916202, 984.0546697038725, 1003.4843205574913, 1026.9413629160063]",2492.0,1040.1284109149278
63,"[2802.111227995342, 1070.8391237035196, 685.4924088238688, 3829.547957137324, 2552.87079115627, 4310.3704651918715, 2572.9121472391585]","[486803.449115467, 245036.03678653453, 191361.72202540011, 2231145.628067734, 2264254.3505841824, 2210465.340063559, 2245379.1168497712]","[18, 13, 15, 17, 11, 18, 10]","[1583.3842394624312, 1818.9473684210527, 926.3759828448892, 964.2857142857143, 979.2217604835663, 998.8439306358382, 1023.696682464455]",2500.0,1036.8
64,"[1486.604811836046, 174.6122718953309, 187.42135950854538, 4414.559019298522, 3398.862046982765, 4004.926774520426, 5339.4547822741915]","[474141.94574750285, 237111.33830353312, 217896.4628991311, 2199212.283796368, 2248208.936688288, 2231988.2973436965, 2079556.5815540345]","[14, 11, 13, 18, 15, 17, 19]","[1598.0271270036992, 1833.097595473833, 935.0649350649351, 974.0698985343855, 992.3430321592649, 1011.7096018735363, 1039.71119133574]",2448.0,1058.8235294117646
65,"[1587.710294075392, 788.4646526979154, 1008.139605095142, 3540.1145944309255, 2842.058306916352, 1426.3835436313896, 3954.470161303991]","[468192.2839581205, 224320.2800258263, 183064.67188544048, 2227703.697436896, 2267180.6067941515, 2287813.866029843, 2159275.913285867]","[20, 16, 20, 12, 12, 3, 18]","[1603.960396039604, 1847.4697077690662, 940.8348457350272, 979.9621928166351, 998.0747015787447, 1016.8693605335426, 1035.9712230215828]",2479.0,1045.582896329165
66,"[1848.5134557099357, 876.5232619478887, 166.2811370215949, 4238.759964092642, 4467.625947442558, 2181.493652454731, 2412.105895922056]","[479797.88374435605, 222806.4930624002, 204518.80085917035, 2189462.1076060543, 2198649.987719177, 2236819.0372017073, 2144107.14170763]","[16, 16, 12, 16, 20, 10, 15]","[1613.9476961394769, 1852.7519656897784, 945.640277271069, 986.6768176627331, 1005.4305663304888, 1023.696682464455, 1043.0583501006035]",2460.0,1053.658536585366
67,"[2270.720624394642, 1090.6147340757377, 570.6225617997748, 3609.346939654274, 2997.0360232440034, 4169.717963421243, 3386.995188240938]","[446638.1530278511, 256984.79899497685, 194220.37138082267, 2246180.029905136, 2216074.7884902093, 2223929.891604965, 2202397.1380356615]","[13, 18, 12, 12, 13, 15, 13]","[1589.209074187615, 1808.7927424982554, 925.3837915030347, 961.4243323442137, 975.1693002257337, 994.2462600690449, 1021.2765957446809]",2498.0,1037.6301040832666
68,"[469.44544531337203, 618.7792296255002, 764.6325977662973, 3255.9502090430656, 2705.4390888899957, 3711.2099694351014, 3965.7783596994964]","[487259.9256958449, 246479.44215863402, 191870.8292568151, 2203702.7297954094, 2259506.586621154, 2239261.11011941, 2119570.0008283714]","[14, 13, 26, 18, 11, 14, 17]","[1608.9385474860335, 1852.7519656897784, 943.231441048035, 982.9351535836178, 999.6143463170073, 1018.467583497053, 1044.3190975020145]",2445.0,1060.122699386503
69,"[1850.327431064214, 1499.933331607482, 297.6260278835886, 3331.8207898578826, 5092.48566488124, 4530.401073454921, 2175.7803949462887]","[449445.3710859105, 244284.0572491854, 209988.90761480422, 2198485.7159515875, 2240653.416341807, 2234913.617108819, 2198236.772628206]","[19, 13, 16, 15, 15, 17, 9]","[1570.909090909091, 1791.2923289564617, 914.9311683727498, 952.2409992652462, 970.4230625233995, 991.9632606199771, 1016.8693605335426]",2515.0,1030.6163021868788
70,"[1887.0011540264468, 538.3074068003111, 284.69535786746104, 2910.292243685614, 4530.577156289082, 2730.4136382046513, 3685.0297313974615]","[450692.0058240888, 228377.60425014608, 180224.4920631008, 2270127.313039192, 2245921.608919985, 2262336.273454889, 2143410.356000864]","[14, 14, 14, 12, 15, 10, 15]","[1576.6423357664235, 1807.5313807531381, 922.748309006764, 960.0, 977.0071617037316, 995.3917050691244, 1016.4705882352941]",2517.0,1029.797377830751
71,"[151.02334804401366, 206.09023584782287, 806.6706292313698, 6628.85881040915, 2821.242818881747, 2593.512210115709, 3326.202574938779]","[465151.0674143686, 241083.29785737436, 201089.5728688051, 2180357.5729433876, 2247882.9476031186, 2258847.074018583, 2175275.3974572546]","[13, 15, 23, 21, 14, 10, 17]","[1592.137592137592, 1840.909090909091, 934.7277316985214, 975.1693002257337, 993.4840935224224, 1012.5, 1036.3854458216713]",2467.0,1050.6688285366843
72,"[1612.477552914777, 83.05973303240987, 539.8990787019042, 2514.118830805183, 2972.2768317096366, 2981.7635257311917, 5156.802550213605]","[456634.03840290336, 237375.9323618345, 169833.33092823328, 2246963.7515400522, 2228238.6891787024, 2235283.001532986, 2089864.6538372908]","[12, 14, 17, 9, 11, 11, 21]","[1585.3211009174313, 1816.3980378416259, 927.0386266094421, 963.5687732342008, 976.271186440678, 993.4840935224224, 1020.0708382526565]",2501.0,1036.3854458216713
73,"[1206.176968118541, 411.3137465827075, 346.9566247309924, 2826.4852119799484, 4439.036389057459, 2650.590982363689, 2668.2926303895824]","[481449.3874847912, 254255.36812273474, 194980.52459950995, 2264711.0975834057, 2164155.638017479, 2281807.2804045314, 2244942.415083414]","[17, 14, 15, 13, 18, 11, 10]","[1597.0425138632163, 1838.2978723404256, 936.4161849710982, 974.0698985343855, 993.8650306748466, 1014.481409001957, 1035.1437699680512]",2473.0,1048.1196926809544
74,"[2132.0238207934353, 245.58467758786568, 487.0138841694534, 1859.142492205489, 2762.962604695697, 3560.1476888484044, 4400.151693565711]","[491988.9294829264, 242833.66161596426, 183463.23340982833, 2270991.367870132, 2275757.7606266714, 2208489.3698527077, 2157814.0083624716]","[17, 12, 18, 9, 10, 18, 18]","[1589.209074187615, 1827.9266572637518, 932.3741007194244, 970.0598802395209, 985.5513307984791, 1005.8207217694994, 1032.258064516129]",2474.0,1047.696038803557
75,"[1147.9878997476128, 971.2769025729442, 932.9521900592943, 4861.1806599168285, 3873.741670766395, 4177.953156120363, 2372.1944748705964]","[529417.0337143752, 239449.57806749718, 206590.21806875078, 2191154.292510909, 2203983.301911727, 2229910.374510497, 2216653.8751673764]","[12, 19, 18, 20, 18, 19, 10]","[1598.0271270036992, 1850.1070663811563, 940.1523394994559, 979.5918367346939, 999.2289899768697, 1021.2765957446809, 1044.3190975020145]",2451.0,1057.5275397796818
76,"[4081.1549768022273, 83.79480620856518, 38.27398596844642, 4071.087318636096, 3636.7950537939914, 3419.4661464316764, 3261.2441889410006]","[502356.64196565334, 235630.99505848528, 210506.9228264553, 2177046.000933122, 2210446.8115436626, 2255350.3418357787, 2222440.0437920457]","[20, 15, 9, 16, 15, 15, 13]","[1608.9385474860335, 1854.0772532188842, 944.2622950819672, 984.8024316109422, 1002.3201856148492, 1019.669551534225, 1044.7400241837968]",2442.0,1061.4250614250614
77,"[1228.0414844908942, 119.17333712171866, 34.99077301516784, 3811.141721852973, 2017.5138453631266, 3441.89883765645, 4114.908225708476]","[454909.65371220175, 261774.4953916347, 198327.70144997133, 2252708.846217398, 2256234.162670653, 2240639.4393897974, 2136510.1168848835]","[13, 17, 7, 15, 10, 14, 21]","[1568.0580762250454, 1796.2577962577961, 915.9010600706714, 955.0478997789241, 974.0698985343855, 993.8650306748466, 1016.0721285770286]",2523.0,1027.3483947681332
78,"[3322.6748728211765, 76.15653905204276, 35.11320694972298, 3170.3321879016144, 5346.66260378083, 3180.210740127271, 3883.859504705312]","[481220.153325871, 218416.95400125862, 197090.43060879508, 2233889.776454072, 2128350.6583235455, 2274782.435093198, 2107621.1112280507]","[18, 9, 14, 15, 25, 10, 13]","[1588.235294117647, 1813.8558432470259, 926.0450160771704, 965.3631284916202, 986.3013698630137, 1006.6019417475728, 1027.755749405234]",2492.0,1040.1284109149278
79,"[1217.1773862587484, 73.71568350395785, 32.37016470041123, 4417.720082364506, 1840.93891633526, 3763.099571977681, 3549.5855435466196]","[476356.5614454864, 213637.9383524055, 184445.1984629432, 2204665.787940708, 2294754.1306550098, 2220471.160729632, 2137539.3766705194]","[15, 18, 13, 14, 6, 14, 14]","[1561.44578313253, 1791.2923289564617, 912.0337790288529, 948.7554904831625, 965.0037230081906, 983.6812144212523, 1006.6019417475728]",2538.0,1021.2765957446809
80,"[2220.3517114885904, 338.59042573271466, 1242.464788541701, 4378.03996362538, 3463.848188401341, 2360.856587184812, 3841.211166370001]","[504463.98198945395, 222158.83455888496, 197015.27253124025, 2259838.320897854, 2216768.757697896, 2213255.8014418655, 2117180.479950748]","[18, 13, 16, 14, 12, 13, 18]","[1594.0959409594095, 1825.3521126760563, 932.3741007194244, 970.7865168539325, 988.1814715974075, 1008.5603112840467, 1031.0262529832935]",2484.0,1043.4782608695652
81,"[2141.3001680293046, 144.38904383037598, 38.57474730901824, 3265.89202456537, 4142.273726752632, 3492.359698324392, 3828.0892986231843]","[470100.6215306428, 247999.28236578626, 218487.3687582793, 2219387.442554828, 2213354.386550295, 2221495.1177691882, 2114583.6628502505]","[17, 13, 13, 15, 16, 17, 14]","[1569.9576014536644, 1800.0, 917.5221238938053, 956.4575645756457, 973.3383402177994, 992.7230945997702, 1017.6678445229682]",2515.0,1030.6163021868788
82,"[1915.8572912469347, 986.4934612943475, 495.36112535425247, 3720.859942010731, 2793.6436079373543, 4650.067072598351, 1678.1867955154917]","[429835.703007815, 234136.1147667048, 213099.5151672755, 2230850.63144642, 2240040.0236046105, 2232387.1270210105, 2244347.1727448576]","[13, 14, 17, 14, 11, 17, 9]","[1590.1840490797547, 1820.2247191011236, 928.3667621776505, 965.7228017883756, 984.8024316109422, 1007.7760497667185, 1027.755749405234]",2499.0,1037.2148859543818
83,"[758.7121262177312, 986.1770599726636, 455.6338118813356, 5410.585993753563, 2750.181828875231, 4744.353974933764, 3179.3995459152857]","[479318.897842777, 212649.3893834696, 220056.37374271167, 2163901.293593811, 2248987.17725017, 2238994.5090119448, 2228142.907094086]","[16, 14, 17, 22, 11, 19, 11]","[1588.235294117647, 1831.8021201413428, 931.0344827586207, 972.2430607651913, 993.8650306748466, 1016.0721285770286, 1038.877755511022]",2468.0,1050.2431118314425
84,"[1617.5112214264898, 1429.371761570142, 714.9977771482195, 4080.335776140942, 4956.531132403718, 4268.482202186002, 3277.0543972777773]","[439719.37732950505, 251739.87391429237, 191050.59396772238, 2202827.4593899925, 2191715.888429186, 2237435.542155758, 2213845.907858547]","[13, 15, 17, 13, 19, 18, 11]","[1604.953560371517, 1851.4285714285713, 943.5748088824172, 981.8181818181819, 998.8439306358382, 1019.2685804168306, 1043.0583501006035]",2450.0,1057.9591836734694
85,"[2078.1054652341586, 1300.198385038489, 642.5327898730625, 3927.7837688653253, 5009.635498571748, 3886.5123178230765, 3516.1129335934193]","[466249.6196794261, 226847.7088523166, 174540.80207644458, 2261097.3230812475, 2231672.984454691, 2236491.5234021693, 2103174.2553877663]","[14, 13, 20, 12, 17, 14, 16]","[1610.938471100062, 1844.8398576512454, 942.2028353326064, 979.2217604835663, 996.1568024596464, 1015.6739811912225, 1039.2943063352045]",2458.0,1054.5158665581773
86,"[138.0282239212588, 80.56690540428325, 1183.1946896549514, 3245.8385234597185, 3941.130443117277, 2113.278792622497, 3860.4750843829547]","[450248.06643114623, 227323.79832997502, 156956.58611070126, 2187895.6275700266, 2207573.958841976, 2257883.1418129806, 2148106.248620498]","[15, 16, 12, 19, 14, 12, 15]","[1597.0425138632163, 1840.909090909091, 936.4161849710982, 975.9036144578313, 992.7230945997702, 1007.7760497667185, 1030.2066772655007]",2479.0,1045.582896329165
87,"[744.5223709303092, 82.92296264016787, 60.885136999899885, 3576.6239519757287, 5376.871847466082, 4714.962413663037, 3265.6904924490323]","[499292.3327091307, 235501.21389807673, 196643.21581039234, 2234323.006811211, 2222191.70289626, 2188383.7178052035, 2175961.987993338]","[12, 11, 9, 17, 23, 18, 10]","[1583.3842394624312, 1833.097595473833, 931.3690262306864, 971.8785151856018, 990.0687547746371, 1009.7389949357226, 1035.1437699680512]",2467.0,1050.6688285366843
88,"[1338.7449906884228, 93.29176020689029, 528.5388028224719, 4634.790380688495, 3110.1911549521724, 3001.036338778123, 2941.2779896730517]","[455167.7698275785, 265498.1469239803, 191543.0097410123, 2199577.50765196, 2257062.455480532, 2255897.7147085587, 2180747.6589008383]","[18, 16, 12, 19, 12, 13, 14]","[1557.6923076923076, 1797.50346740638, 912.3548046462513, 951.1926605504588, 970.0598802395209, 987.8048780487804, 1010.9204368174727]",2526.0,1026.1282660332542
89,"[654.6143809888151, 1360.4192877741461, 190.09072752573678, 1452.4828136746576, 4711.837756936379, 3514.9704963314102, 3994.2090854939047]","[465167.3448068026, 210551.33803635297, 182855.574197116, 2277321.0826367387, 2168041.375428958, 2234256.4178464077, 2132110.668653088]","[12, 12, 13, 8, 20, 15, 17]","[1574.726609963548, 1805.0139275766016, 920.1277955271565, 956.1047583917374, 972.2430607651913, 993.8650306748466, 1018.8679245283018]",2512.0,1031.8471337579617
90,"[1792.2035660022098, 84.96702754720766, 39.09170576630601, 3065.852146212144, 2159.9604259977905, 3240.029868846189, 2677.154743986202]","[496470.5617906189, 241306.35823406975, 217388.97576642776, 2234585.2455033143, 2229799.3385313614, 2245002.027672485, 2229752.093096949]","[17, 9, 16, 15, 9, 14, 11]","[1597.0425138632163, 1831.8021201413428, 935.0649350649351, 973.3383402177994, 990.0687547746371, 1010.1325019485581, 1033.4928229665072]",2481.0,1044.7400241837968
91,"[1298.8193647644746, 800.3859292380176, 33.479518835949534, 3561.029985787701, 3659.8594597707247, 2594.8728401609615, 4410.82126708886]","[497287.0213629763, 256972.36864152545, 189025.36334777108, 2246392.696535912, 2233668.307141913, 2254156.7417749637, 2147195.2992784674]","[18, 20, 9, 16, 15, 12, 14]","[1566.1631419939577, 1813.8558432470259, 919.8012775017743, 956.4575645756457, 974.8025573523881, 996.1568024596464, 1019.669551534225]",2505.0,1034.7305389221558
92,"[896.132055072883, 93.67011196305639, 160.2531211324445, 2963.688335475145, 2170.5039492616656, 3662.08290466983, 3169.1797323495384]","[474735.7823498121, 237190.18270527566, 173523.53940176818, 2218672.739652638, 2259171.0288235624, 2247749.5144845955, 2213680.045573414]","[14, 17, 11, 12, 9, 14, 11]","[1599.0129549660703, 1827.9266572637518, 932.7096077725801, 968.2480388494583, 983.3080424886191, 1002.7079303675048, 1024.9110320284697]",2500.0,1036.8
93,"[1255.1516464653348, 1522.291688439486, 929.4117134142629, 4514.638639619721, 3404.5586187600875, 3969.334062695695, 4043.2236848975695]","[482116.0546217378, 233268.4184782327, 211475.31660646066, 2227060.866295566, 2183726.5959373647, 2232481.220044547, 2130232.0733160363]","[12, 12, 16, 17, 17, 15, 17]","[1590.1840490797547, 1820.2247191011236, 930.032292787944, 969.3343305908751, 989.3129770992366, 1012.1046466224132, 1036.3854458216713]",2471.0,1048.9680291380007
94,"[147.08665209420042, 80.72977806727191, 32.69531212907571, 2317.090891143978, 5355.817107972585, 4493.733383676779, 1406.02523877191]","[487018.6259351936, 229879.94733737412, 184663.1229050196, 2243249.9735035403, 2191483.620286891, 2230274.7288665557, 2245941.6615157225]","[17, 17, 9, 9, 16, 18, 7]","[1571.8617343844755, 1813.8558432470259, 919.474991131607, 959.2894152479645, 977.744247453791, 995.3917050691244, 1017.2684458398744]",2515.0,1030.6163021868788
95,"[577.572580178673, 588.2898765225842, 71.41806508447104, 3868.184573924077, 3213.4049929275166, 2418.361523290722, 3936.7840563023083]","[485071.77199140145, 246977.1521437816, 200824.08613208984, 2235161.143842542, 2269036.7007201365, 2238660.5851442446, 2179634.6745997234]","[11, 17, 15, 13, 14, 9, 15]","[1584.3520782396088, 1821.5038650737877, 928.3667621776505, 968.2480388494583, 987.8048780487804, 1005.0407134548275, 1025.7222002374358]",2493.0,1039.71119133574
96,"[2108.1925631651497, 525.9206219429366, 313.4633272318835, 3332.260412800603, 2418.6719570601135, 4352.453456077616, 3912.0020480112366]","[497435.08097454597, 239223.95321141544, 177064.97538567398, 2244150.3126189266, 2286467.2795947143, 2182511.539856507, 2137636.9074876513]","[24, 14, 19, 11, 8, 20, 16]","[1601.9777503090236, 1855.4044380816035, 941.5183436251363, 979.2217604835663, 997.3066564063101, 1016.8693605335426, 1038.045654785743]",2469.0,1049.8177399756987
97,"[644.8775090560604, 85.53317969593633, 29.621246472523733, 2322.0113272346234, 2771.168316995829, 2552.7251010574023, 3510.8494394768845]","[470695.55761612084, 240973.42426217726, 164314.49596945487, 2238342.241116562, 2264884.8133311137, 2275694.3412386547, 2174081.8277753936]","[14, 23, 14, 13, 11, 9, 13]","[1591.1602209944751, 1834.3949044585988, 931.7038102084831, 969.6969696969697, 987.8048780487804, 1006.2111801242236, 1024.101145792177]",2505.0,1034.7305389221558
98,"[2276.3125442494716, 662.8287366600947, 95.98771608525382, 5706.851680556387, 5701.989069098739, 3496.1720852653452, 2846.856642972189]","[472634.341331203, 243218.90877132272, 216840.04530987903, 2229703.0617639413, 2159245.7108904575, 2253978.6945038955, 2173192.451685619]","[25, 13, 13, 18, 19, 13, 18]","[1611.9402985074628, 1863.4076204169662, 948.0614484272129, 988.9355207935903, 1008.5603112840467, 1028.163427211424, 1048.5436893203882]",2443.0,1060.9905853458863
99,"[825.2033883385468, 726.521856377786, 36.098690878167226, 3011.6813671412847, 4065.8377252926193, 5379.231727970678, 3770.9342802891733]","[471982.5804949622, 250903.98206772716, 201767.98220458924, 2262129.545262192, 2188489.0745034874, 2218979.5938126706, 2164864.2978825574]","[9, 18, 11, 13, 19, 19, 17]","[1578.5627283800243, 1810.0558659217877, 923.7348538845331, 960.711638250556, 977.3755656108598, 1000.0, 1026.1282660332542]",2492.0,1040.1284109149278
100,"[761.3870160569423, 1195.5353721150598, 39.66332902267098, 6045.23169794856, 3599.2004924648195, 3552.7396091608425, 3772.129220098244]","[466139.06423021865, 253001.88794738732, 222868.24577838823, 2208263.834302985, 2200627.4781212052, 2254289.6195659763, 2185591.610481178]","[14, 17, 14, 22, 16, 15, 13]","[1579.524680073126, 1822.7848101265822, 925.0535331905782, 961.7810760667903, 979.2217604835663, 998.8439306358382, 1022.8887134964483]",2496.0,1038.4615384615386
101,"[185.7582395871295, 87.43529701120804, 234.88935917412502, 4178.656944886067, 3608.442206176403, 3347.9911331263024, 4726.340027989208]","[494624.89576543897, 246904.69711598556, 185098.34080962226, 2242805.131024393, 2248143.2543522143, 2258700.8602518085, 2099688.166126691]","[10, 17, 13, 17, 12, 11, 24]","[1592.137592137592, 1833.097595473833, 933.7175792507204, 971.5142428785607, 987.4285714285714, 1004.6511627906976, 1031.8471337579617]",2467.0,1050.6688285366843
102,"[1227.8861351497724, 959.6462599743605, 287.7225984727308, 4743.839225870739, 3108.931729998437, 5181.51515547359, 4100.851054163052]","[456927.23890580353, 251170.86071351904, 212921.58607208205, 2199137.954948483, 2249465.3247932745, 2259414.5119832708, 2134517.7414662186]","[15, 17, 19, 21, 13, 15, 19]","[1600.0, 1834.3949044585988, 935.4023818116203, 975.5363191569439, 996.5397923875432, 1020.4724409448819, 1048.1196926809544]",2439.0,1062.7306273062732
103,"[802.7270221674505, 1074.8439437242102, 32.497185496866514, 3631.619766026985, 3322.4551689267896, 3016.8949816128265, 3135.4319269440625]","[430728.77363233047, 236641.5371796146, 181496.7809999995, 2207232.8534724223, 2247417.169791508, 2262825.6324252374, 2164103.5483048093]","[14, 12, 10, 14, 15, 11, 16]","[1598.0271270036992, 1812.5874125874127, 930.032292787944, 968.2480388494583, 984.0546697038725, 1003.8729666924864, 1028.9797538705836]",2488.0,1041.8006430868168
104,"[543.091478688323, 1005.0213634412843, 34.25148380982568, 4910.841601375627, 2073.4989034600435, 4403.858340734847, 2057.204111778551]","[455897.7156580447, 250050.6449746375, 194822.6749934366, 2181629.74864822, 2261702.9072322487, 2214692.3591321143, 2259820.4843431227]","[8, 19, 7, 17, 10, 17, 5]","[1561.44578313253, 1775.3424657534247, 908.835904628331, 946.6764061358656, 962.852897473997, 982.5625473843821, 1006.2111801242236]",2544.0,1018.8679245283018
105,"[751.6820509187377, 1383.3333909875157, 428.43052804975673, 5764.153414049228, 3955.0910586906766, 4169.0906017194075, 5907.891856295274]","[452433.25046499725, 232587.33120566135, 218076.97731023238, 2219569.638529911, 2242059.4566008854, 2267876.0153196016, 2097901.995832609]","[18, 17, 18, 20, 13, 11, 21]","[1607.9404466501242, 1840.909090909091, 938.7902933719666, 979.2217604835663, 999.2289899768697, 1019.2685804168306, 1044.3190975020145]",2446.0,1059.6892886345054
106,"[1431.6763729192826, 1057.220057910439, 279.48275985235216, 5621.935318840096, 1851.7243162937064, 3531.6749328326327, 3325.9861140180033]","[444233.43620880914, 233665.45824952069, 188998.07304634346, 2174489.234253095, 2245301.957492356, 2233912.2477863426, 2241045.2832997125]","[13, 16, 6, 21, 6, 14, 9]","[1564.272782136391, 1787.5862068965516, 913.3192389006342, 951.5418502202643, 968.609865470852, 984.8024316109422, 1004.6511627906976]",2547.0,1017.6678445229682
107,"[1728.8671656422462, 1924.0723494426556, 342.2514156061224, 2800.7012978190337, 3168.8150692726335, 4660.6371854889885, 3688.098904369752]","[461109.1226706413, 258232.90509117203, 183620.01545234898, 2230068.86893579, 2245017.739533828, 2159668.6619680477, 2157239.3991532866]","[15, 17, 16, 11, 12, 20, 16]","[1612.943372744244, 1848.7874465049929, 944.950783813343, 984.0546697038725, 1000.3859513701274, 1020.4724409448819, 1043.8985098670962]",2454.0,1056.234718826406
108,"[3225.6183842369032, 555.2018616587977, 35.08511081371949, 2033.303104301272, 4562.682512245282, 4792.459000307652, 4727.040218265369]","[444405.7651082771, 265636.5859411035, 197529.1738812407, 2289552.5004282533, 2201060.995047538, 2187155.996292416, 2111671.97562559]","[18, 15, 13, 7, 17, 22, 19]","[1578.5627283800243, 1815.126050420168, 923.0769230769231, 959.6445760829323, 976.6390354182366, 1000.3859513701274, 1029.797377830751]",2477.0,1046.4271295922488
109,"[1710.7591965158833, 904.7714007444495, 221.86791336168488, 3273.5712786350696, 2819.915516196636, 4291.7135151247485, 2898.9607639458227]","[464061.52156160004, 240023.46322173066, 183331.4609941869, 2255975.4988673255, 2269366.0327281705, 2237781.3611995857, 2106726.296749833]","[20, 17, 15, 15, 11, 15, 17]","[1583.3842394624312, 1815.126050420168, 923.7348538845331, 962.1380846325167, 981.8181818181819, 1003.8729666924864, 1029.797377830751]",2480.0,1045.1612903225807
110,"[721.4382107674247, 88.10786367150092, 165.78894134805165, 4681.927528474211, 3699.6255417497273, 3151.7289095764195, 3460.314564114756]","[462801.9768281687, 249352.0191833363, 201611.08020933077, 2212963.861306043, 2233777.8021762404, 2206630.7107370095, 2194759.061019282]","[15, 12, 10, 17, 17, 13, 13]","[1600.9882643607166, 1826.6384778012684, 934.7277316985214, 971.8785151856018, 988.9355207935903, 1011.7096018735363, 1035.557331202557]",2472.0,1048.5436893203882
111,"[370.1392467322848, 368.4919216433673, 37.66790952154323, 4066.6434085374262, 3899.932971398891, 3758.2835083274804, 3557.278293827914]","[480890.5549044572, 235112.62382030018, 208039.86428748324, 2205291.4399093236, 2199625.1002581404, 2212385.0511933356, 2122768.686759193]","[14, 15, 12, 16, 16, 14, 16]","[1604.953560371517, 1847.4697077690662, 940.8348457350272, 978.8519637462235, 996.9230769230769, 1017.6678445229682, 1039.71119133574]",2463.0,1052.3751522533496
112,"[2947.072106755649, 786.123821479894, 339.1276303444372, 3903.734627174567, 3625.99699863021, 4504.735758081299, 3993.7897668183114]","[460812.9303552618, 257925.91775272955, 192217.6986580369, 2186855.8895307793, 2202102.7938589766, 2243802.5316786407, 2181189.835490895]","[20, 17, 10, 17, 17, 15, 15]","[1577.6019476567255, 1800.0, 918.4975194897236, 955.3999262808699, 972.2430607651913, 992.7230945997702, 1019.2685804168306]",2506.0,1034.317637669593
113,"[2189.5699033824326, 1373.2410699812758, 451.8746446729934, 2193.837486009238, 2860.3484926088317, 1371.458617887823, 3365.4832644195053]","[441558.69633170567, 213850.34556874385, 156284.77472921045, 2270044.5320170084, 2264870.3475414095, 2297389.572825704, 2104586.969133072]","[13, 11, 19, 7, 10, 6, 17]","[1583.3842394624312, 1806.2717770034844, 923.7348538845331, 958.9345172031077, 970.7865168539325, 987.052551408987, 1011.3148653921186]",2526.0,1026.1282660332542
114,"[1724.6510507895102, 91.81768954373288, 34.33859310685876, 1690.2283147455096, 1092.9598089447577, 2407.7551821271604, 1953.0509830338992]","[231274.38697758006, 125140.67053504477, 93229.28028512152, 1099482.3207287772, 1123086.9385725125, 1098479.4251436803, 1032442.3172037146]","[20, 14, 14, 18, 9, 13, 19]","[3252.195734002509, 3767.4418604651164, 1915.7427937915743, 1995.3810623556583, 2036.1351139041633, 2086.9565217391305, 2140.37985136251]",1194.0,2170.854271356784
115,"[1689.7136937291662, 653.5517571425102, 303.96979216661623, 3516.8545302988264, 3852.622163970716, 2835.2273798671213, 4509.421838770082]","[449461.61184710386, 230708.12382429416, 213042.09837125012, 2253135.5753663774, 2174752.775970683, 2269948.911395702, 2183689.60717952]","[17, 16, 14, 11, 17, 12, 16]","[1604.953560371517, 1847.4697077690662, 941.5183436251363, 981.4464218099205, 999.2289899768697, 1018.0675569520816, 1041.8006430868168]",2454.0,1056.234718826406
116,"[2913.784516361218, 96.82651218836436, 889.3787045762791, 4302.811925801908, 4446.8424147074375, 3825.3239165181317, 4519.823653501005]","[512150.80687692505, 274065.74751272146, 197418.54778440634, 2203492.29307763, 2213872.4121771636, 2236060.3574091196, 2080619.7198191273]","[18, 17, 19, 15, 14, 18, 19]","[1592.137592137592, 1836.9950389794471, 932.0388349514564, 970.4230625233995, 988.9355207935903, 1010.5263157894736, 1038.877755511022]",2456.0,1055.3745928338762
117,"[460.8497590342287, 93.61256889121394, 35.0311268512911, 3465.226759119601, 2993.6624344904426, 3161.4584362587493, 3501.483879717751]","[461309.6016459598, 265794.0958718578, 196384.4971283379, 2244256.147399128, 2238564.3541446785, 2262606.3394053937, 2115742.442482949]","[20, 20, 9, 12, 12, 13, 17]","[1575.6838905775076, 1826.6384778012684, 926.3759828448892, 964.2857142857143, 981.8181818181819, 1001.1587485515643, 1025.3164556962026]",2493.0,1039.71119133574
118,"[1076.0876049934031, 84.58392269891372, 31.4960496535256, 3742.7866471990055, 2330.5080166187245, 4592.183910815329, 2943.455699732372]","[489669.3703936562, 240245.13015507726, 177480.23979761676, 2206963.8152731573, 2264893.208995465, 2247389.489598568, 2218535.473894234]","[20, 13, 18, 18, 9, 19, 8]","[1573.7704918032787, 1820.2247191011236, 923.0769230769231, 957.8713968957871, 973.3383402177994, 993.4840935224224, 1019.2685804168306]",2506.0,1034.317637669593
119,"[668.4227962677656, 512.0397538480637, 35.033450435439526, 3430.585424852066, 4975.976503432082, 4469.731363079709, 2661.444708899057]","[493351.40973145014, 213822.02935334697, 198464.4967167649, 2241985.3159775683, 2181209.5080109383, 2215612.0884648594, 2201574.7164295013]","[16, 11, 14, 17, 19, 15, 9]","[1571.8617343844755, 1800.0, 917.5221238938053, 954.6961325966851, 974.8025573523881, 997.6905311778291, 1020.8743599842458]",2509.0,1033.080908728577
120,"[1622.2683578266692, 1043.6142508986766, 780.2005839010443, 4226.2498765775745, 3919.929945979232, 5258.5938394221885, 3482.441115198556]","[470159.61847967125, 238270.2930351492, 195720.85821208108, 2157671.106023151, 2255127.9364209096, 2204967.717869767, 2164415.3604387767]","[14, 8, 13, 18, 14, 22, 14]","[1588.235294117647, 1811.3207547169811, 926.7071862710046, 964.2857142857143, 981.0749432248297, 1003.0959752321982, 1029.797377830751]",2484.0,1043.4782608695652
121,"[351.19390594352177, 899.5266382893232, 32.527901587170824, 2387.7565098687332, 3331.878956180513, 2396.3514802859836, 2532.634706226057]","[228309.857953079, 127950.8622940721, 100250.99269166047, 1226016.1142712769, 1253583.4327580002, 1260233.5735483214, 1195233.6842337465]","[12, 17, 15, 15, 19, 12, 15]","[2892.8571428571427, 3289.340101522843, 1685.3055916775033, 1752.5354969574037, 1782.6685006877578, 1818.9473684210527, 1862.0689655172414]",1372.0,1889.2128279883382
122,"[1022.5444931854789, 2470.345134655777, 243.8942320827633, 3690.2860110383735, 3847.182517351167, 3287.652050647979, 3109.19900093093]","[480265.95605124603, 231083.30326043628, 206316.26939799098, 2255980.2740665623, 2242137.6705665407, 2218024.3905175105, 2199667.3636801858]","[9, 14, 10, 15, 14, 13, 14]","[1569.9576014536644, 1780.2197802197802, 912.9975343430785, 952.2409992652462, 973.3383402177994, 996.9230769230769, 1020.8743599842458]",2511.0,1032.258064516129
123,"[1867.1867101629832, 271.3837716730574, 789.7897770042102, 2604.925258245092, 3129.536097222649, 3473.4419277147485, 2459.2939230890224]","[510476.1738813366, 233102.5364863737, 192884.85868411677, 2258016.0563489394, 2240543.9032948604, 2253134.1810883605, 2228507.564371093]","[20, 18, 14, 12, 14, 12, 9]","[1575.6838905775076, 1827.9266572637518, 927.3703041144902, 967.1641791044776, 983.3080424886191, 999.6143463170073, 1024.505928853755]",2494.0,1039.2943063352045
124,"[1441.628173823208, 387.0482104949443, 298.0422001614275, 2921.7538516833188, 5101.975568444049, 4181.647756714755, 4379.484262708498]","[468128.4794070779, 251353.86735470616, 200125.47017367592, 2219327.0905251107, 2154216.553700485, 2253225.6250563054, 2128216.0063068224]","[21, 21, 18, 13, 21, 16, 18]","[1610.938471100062, 1863.4076204169662, 945.640277271069, 984.0546697038725, 1002.3201856148492, 1024.505928853755, 1051.094890510949]",2433.0,1065.351418002466
125,"[292.9695399041307, 192.08197117361127, 33.71337064953512, 1948.7207510330259, 4074.160390281581, 4731.826439044848, 4558.50219255013]","[444825.42021161044, 234350.9729977274, 189199.4360851911, 2281309.62825016, 2252607.062639244, 2230487.066318103, 2083201.3839459608]","[11, 16, 19, 9, 15, 16, 17]","[1586.2913096695227, 1816.3980378416259, 927.0386266094421, 964.2857142857143, 984.0546697038725, 1006.993006993007, 1030.2066772655007]",2486.0,1042.6387771520515
126,"[1168.2208128576192, 1650.115797897682, 33.43712444468381, 3798.4545958659855, 3628.6874900647836, 4457.826734883401, 2949.3602923102103]","[483093.34127524914, 242596.70055253524, 188986.6273613529, 2212937.5769154145, 2254337.4811345846, 2224015.1853795964, 2194954.598092575]","[15, 18, 11, 15, 15, 20, 11]","[1568.0580762250454, 1810.0558659217877, 919.1489361702128, 959.2894152479645, 978.8519637462235, 999.6143463170073, 1023.2925384919068]",2500.0,1036.8
127,"[659.3959047616713, 89.65345165379483, 36.34752123294677, 2357.0741547167045, 2975.850081424633, 2260.33562726522, 1813.65748699188]","[256473.19727166498, 140486.9587414965, 112095.75548240784, 1218016.5716152836, 1250237.0586836627, 1261149.6362259504, 1221054.0604609067]","[21, 18, 10, 12, 16, 12, 13]","[2851.4851485148515, 3335.907335907336, 1684.2105263157894, 1760.8695652173913, 1792.5311203319502, 1825.3521126760563, 1860.732232591529]",1381.0,1876.9007965242579
128,"[394.5970465914024, 583.7879931274138, 477.41915839490775, 3617.0568591234637, 2999.53206048746, 4900.514000728118, 3075.5902207921004]","[495075.45518708514, 248899.09780675653, 189963.98197562844, 2201872.8508533007, 2256597.0701562474, 2206945.4113950254, 2189219.767405811]","[15, 6, 11, 16, 12, 20, 10]","[1546.5393794749402, 1766.8711656441717, 900.9384775808134, 938.7902933719666, 958.2255083179298, 979.9621928166351, 1005.0407134548275]",2544.0,1018.8679245283018
129,"[554.7059403646813, 918.5860722478417, 287.85205343058436, 3671.306980513232, 2167.0017576683335, 4353.599516923155, 3778.729050743925]","[486308.9532576564, 241018.54289406014, 201512.4684595876, 2216343.719449033, 2255862.3828445254, 2221367.8907257067, 2177816.7142803012]","[22, 13, 15, 17, 13, 13, 14]","[1607.9404466501242, 1860.732232591529, 944.950783813343, 985.9262076835298, 1004.6511627906976, 1022.8887134964483, 1047.2727272727273]",2439.0,1062.7306273062732
130,"[1003.6599465997031, 82.90691060387955, 586.3242143522664, 3131.7248078659886, 2716.7633432589178, 2880.315718209313, 3635.021902096011]","[462094.46453346673, 236865.04359528387, 173293.39874668932, 2243784.4400104927, 2212971.4066765634, 2255044.815808055, 2121155.919503362]","[16, 8, 13, 17, 11, 10, 17]","[1596.0591133004925, 1820.2247191011236, 932.7096077725801, 970.7865168539325, 987.4285714285714, 1007.3843762145356, 1029.3884034948371]",2491.0,1040.5459654757126
131,"[838.7798189547028, 87.04046917299159, 364.82438580834685, 2598.3622356607952, 3571.3762856564613, 3288.7791956243054, 2403.3053793292625]","[460803.135091981, 249977.3126121542, 182677.745321632, 2256491.1787621584, 2269453.39848201, 2248786.2501895875, 2179260.3462165846]","[7, 19, 17, 13, 12, 10, 16]","[1581.4521049420377, 1805.0139275766016, 923.4057712860705, 960.0, 975.5363191569439, 994.2462600690449, 1017.6678445229682]",2514.0,1031.0262529832935
132,"[135.47616108772607, 89.70717019834936, 119.14127612235232, 3196.085571020307, 4880.129870742031, 2685.258633801964, 3641.374576163729]","[440744.8855353369, 259164.01470303128, 209899.97927573667, 2203226.8114361404, 2182475.378192497, 2283167.2882140484, 2090550.4242650329]","[7, 16, 13, 16, 23, 11, 20]","[1582.4175824175825, 1805.0139275766016, 923.0769230769231, 961.7810760667903, 980.7037457434733, 1003.0959752321982, 1029.3884034948371]",2483.0,1043.8985098670962
133,"[558.8008407726073, 958.4264566838378, 701.2048141113887, 4936.7509236293145, 2910.3497522571556, 5619.999798468382, 3263.658439759811]","[501143.4338170232, 244319.6877424079, 224160.07703208568, 2179887.1554193874, 2233802.8908791076, 2214924.3659439883, 2211284.790754799]","[10, 12, 19, 19, 16, 21, 11]","[1577.6019476567255, 1821.5038650737877, 925.7142857142857, 965.0037230081906, 984.428408659324, 1007.3843762145356, 1036.8]",2459.0,1054.0870272468483
134,"[564.7634481657058, 480.8352219732583, 257.8605190923745, 2790.6368892358364, 3992.0481116347446, 3349.535675115357, 2790.005769071299]","[484332.26294538175, 245958.13395609986, 194669.3856939362, 2281714.8074633866, 2237152.086950068, 2245828.613663337, 2158788.9133310937]","[14, 12, 17, 10, 11, 14, 20]","[1602.9684601113172, 1830.5084745762713, 936.0780065005417, 974.4360902255639, 993.8650306748466, 1014.481409001957, 1037.6301040832666]",2465.0,1051.521298174442
135,"[295.9146628852721, 606.8493270568946, 378.27328152685465, 1802.5383939675353, 3923.8711908715222, 4386.621054595208, 2950.140477216118]","[456155.2811461111, 219382.47120639973, 198224.9143405634, 2263046.3421639, 2195481.615270968, 2197083.8547205827, 2195106.367880034]","[14, 11, 16, 10, 18, 18, 11]","[1583.3842394624312, 1808.7927424982554, 924.3937232524964, 960.3556872915894, 978.1132075471698, 997.6905311778291, 1019.2685804168306]",2511.0,1032.258064516129
136,"[1372.9714774546328, 765.8766534857014, 175.04200194720843, 5449.115401594243, 3400.3457295270077, 4973.255352370673, 3383.298268682583]","[460794.78490203153, 234380.66812292987, 219925.5610191565, 2219659.9355904735, 2223028.1240379964, 2218403.7421552003, 2159825.242135739]","[14, 15, 15, 19, 14, 19, 15]","[1607.9404466501242, 1846.1538461538462, 941.1764705882352, 978.8519637462235, 995.3917050691244, 1014.0845070422536, 1040.9638554216867]",2450.0,1057.9591836734694
137,"[2639.7994097355468, 1317.9236163132664, 836.1915838004223, 4695.866327028191, 2646.727674345251, 2741.079911566904, 2143.1060623267676]","[483625.7139835653, 260249.25913648796, 232542.65775415947, 2163531.9868257446, 2239412.374224497, 2255745.3602024675, 2206210.3170032515]","[17, 16, 16, 21, 10, 15, 11]","[1589.209074187615, 1822.7848101265822, 929.0322580645161, 968.609865470852, 987.052551408987, 1006.6019417475728, 1029.3884034948371]",2487.0,1042.2195416164052
138,"[1482.6448764941042, 1146.322115297058, 346.2112412478934, 3771.181279210879, 2414.7370384967926, 4252.358481855199, 3355.2794197191834]","[455179.79666745046, 225272.5378810391, 159375.31394674277, 2241559.1144278077, 2293834.135998613, 2201045.6053620228, 2186780.966863744]","[11, 16, 11, 14, 7, 16, 14]","[1598.0271270036992, 1822.7848101265822, 933.3813467770976, 970.0598802395209, 985.5513307984791, 1004.6511627906976, 1026.1282660332542]",2499.0,1037.2148859543818
139,"[1371.0672521067188, 2044.8463803291093, 30.232293540566786, 3619.348886236482, 2819.3444555643646, 3758.051006497631, 2719.832705046349]","[475635.9230609292, 216354.97413694544, 169784.47178623796, 2258072.2865062244, 2245545.6076538875, 2202125.1489948058, 2189783.4577516452]","[12, 18, 13, 13, 11, 15, 15]","[1584.3520782396088, 1813.8558432470259, 925.3837915030347, 962.4953583364278, 979.9621928166351, 1000.3859513701274, 1023.696682464455]",2499.0,1037.2148859543818
140,"[2554.3899182378736, 801.3802925647058, 36.219211893021665, 3375.2541675248326, 4085.50795317774, 4114.679559207174, 2335.82644233962]","[463231.53745010984, 229379.88488303713, 205361.39650324662, 2232738.1660169954, 2180441.9481214625, 2264798.264082493, 2244132.3859046935]","[16, 9, 17, 14, 17, 14, 11]","[1573.7704918032787, 1788.8198757763976, 916.2248144220573, 953.2916513424053, 969.3343305908751, 988.9355207935903, 1014.8786217697728]",2516.0,1030.2066772655007
141,"[1021.1641325309126, 946.1633269258388, 35.83599278544284, 4471.276703442768, 3235.36655261181, 2946.3029799812425, 4045.165369139035]","[503716.9057059455, 262473.2897658956, 204480.17483373685, 2157697.1118118684, 2248965.407107958, 2245751.8205239517, 2093850.6394942577]","[12, 13, 11, 22, 12, 12, 17]","[1561.44578313253, 1788.8198757763976, 910.4320337197049, 948.7554904831625, 966.0827431979128, 982.9351535836178, 1008.5603112840467]",2527.0,1025.7222002374358
142,"[750.5093097185082, 84.06261406614743, 793.9337546519696, 3406.3529169405915, 3663.414135832942, 5713.525617402169, 4437.0458373975325]","[438483.89222256, 235009.18612255884, 204490.88502722525, 2202884.6694260193, 2211843.2920113197, 2215969.556341752, 2169568.7558449195]","[15, 12, 15, 15, 18, 20, 17]","[1617.9775280898875, 1847.4697077690662, 943.5748088824172, 983.6812144212523, 1001.5455950540958, 1020.0708382526565, 1045.1612903225807]",2446.0,1059.6892886345054
143,"[146.2567920408163, 1007.518945418952, 39.00735491811179, 5257.88680028809, 3030.1407905410715, 3135.1370209113634, 3453.8007569070205]","[476717.1536776839, 252121.67314631745, 217895.08457257244, 2188795.3584802942, 2252413.8043693476, 2260909.699954427, 2131066.1048979103]","[13, 18, 13, 21, 15, 11, 14]","[1592.137592137592, 1822.7848101265822, 930.3661162957645, 967.525195968645, 984.0546697038725, 1004.2619139868268, 1027.755749405234]",2489.0,1041.3820811570913
144,"[1080.2816311516474, 1980.752765170737, 480.328744886316, 2732.5333924337974, 6442.612105289326, 2797.417519582348, 2821.3036128305043]","[486916.5382350124, 232584.10419194066, 186538.09984191228, 2236142.576419843, 2152361.9765000287, 2232398.8711598036, 2214358.5042400104]","[11, 14, 15, 14, 20, 13, 12]","[1581.4521049420377, 1810.0558659217877, 924.3937232524964, 962.1380846325167, 981.4464218099205, 1003.0959752321982, 1026.5346534653465]",2493.0,1039.71119133574
145,"[2557.4987328493808, 1080.2839057931003, 353.5776314584343, 3574.556404431523, 3841.0828910160535, 3387.186551226231, 3944.4901869804444]","[474152.88125130546, 251358.9564297002, 190057.63397219573, 2216745.5635966915, 2233652.4878375703, 2257823.026592536, 2150957.801830978]","[14, 15, 16, 16, 15, 15, 16]","[1611.9402985074628, 1854.0772532188842, 944.6064139941691, 982.9351535836178, 1000.3859513701274, 1017.6678445229682, 1043.0583501006035]",2443.0,1060.9905853458863
146,"[486.9153995307653, 464.36931642979056, 36.443924974110246, 5312.893336118912, 3286.462716590847, 3242.2822053668847, 3094.4803788230056]","[493489.1758991626, 234053.14043672796, 203211.32565563874, 2216165.7919052048, 2255012.6942670573, 2239039.58364136, 2178561.968719992]","[5, 16, 15, 18, 15, 14, 13]","[1596.0591133004925, 1826.6384778012684, 932.3741007194244, 973.3383402177994, 992.3430321592649, 1012.5, 1036.8]",2471.0,1048.9680291380007
147,"[1049.8837366314876, 985.3886350592024, 1502.7459546097089, 3219.7531679444824, 2805.53246615474, 2979.487379005457, 2215.431445812688]","[454404.86256621045, 232237.63684023864, 204390.1203343913, 2243435.591207465, 2210415.4069869174, 2267622.8152482035, 2211468.6751520983]","[19, 17, 20, 11, 13, 10, 12]","[1603.960396039604, 1854.0772532188842, 941.5183436251363, 979.9621928166351, 996.9230769230769, 1016.8693605335426, 1037.6301040832666]",2473.0,1048.1196926809544
148,"[1848.0970571805562, 1001.048304935633, 559.3255929785455, 2707.623681780046, 4343.86087342837, 3839.3585377741815, 3885.259925621749]","[486194.6699700914, 225414.8037533128, 197038.68542719015, 2250060.602935642, 2246097.895750051, 2271746.1748465956, 2070331.40862816]","[20, 12, 17, 10, 17, 13, 19]","[1599.0129549660703, 1839.6025550035486, 937.4321880650995, 978.1132075471698, 996.5397923875432, 1013.687915526007, 1040.1284109149278]",2450.0,1057.9591836734694
149,"[1160.4093265893805, 681.1150214973219, 33.55680575079986, 2720.859952425331, 2827.9769642118904, 4641.178368881168, 2418.535899898429]","[452113.8400731872, 213328.83051859308, 186804.45118001208, 2221290.7532208986, 2253228.3171914634, 2228397.1102571213, 2245942.7920971666]","[13, 15, 18, 12, 10, 19, 8]","[1594.0959409594095, 1824.0675580577058, 930.3661162957645, 968.2480388494583, 987.8048780487804, 1008.1680280046675, 1030.2066772655007]",2487.0,1042.2195416164052
150,"[2350.4879209842557, 1765.2835607147895, 610.4160958005436, 2674.4763232767004, 4898.960276983129, 4245.404024614205, 3070.43076957777]","[486263.239679785, 241523.81441016193, 178452.4571088702, 2248566.6126732607, 2192682.128105094, 2259501.5316501884, 2188439.051558094]","[14, 10, 15, 11, 17, 18, 12]","[1608.9385474860335, 1838.2978723404256, 940.1523394994559, 976.271186440678, 993.1034482758621, 1015.6739811912225, 1039.2943063352045]",2466.0,1051.094890510949
151,"[218.97297511296304, 898.7564345865177, 376.38266795071013, 2845.4439894032403, 4827.889613063825, 4646.906711819607, 4151.27798564355]","[496914.5664440949, 252357.3010593014, 209993.94727565025, 2223361.0747263683, 2194744.5372201973, 2238143.3940606527, 2149669.603106337]","[9, 15, 13, 14, 16, 17, 14]","[1567.1100362756954, 1792.5311203319502, 914.6083274523642, 953.6423841059602, 971.5142428785607, 988.9355207935903, 1015.2761457109283]",2510.0,1032.6693227091635
152,"[747.9276669051138, 401.2663271160415, 395.42152012010916, 3583.7959476546657, 2260.6858496709774, 3087.293206101415, 4014.1194279829724]","[469677.20118028275, 231974.71323218802, 194807.87511607102, 2232525.1958448905, 2266717.034179692, 2269620.579756405, 2112740.970188906]","[14, 9, 7, 13, 9, 13, 19]","[1586.2913096695227, 1812.5874125874127, 926.3759828448892, 965.0037230081906, 981.0749432248297, 998.4591679506934, 1022.8887134964483]",2496.0,1038.4615384615386
153,"[2335.061700810878, 759.4528692417153, 232.29455908046526, 3041.1118607629955, 3892.380842688119, 5323.162939331459, 4812.457691993906]","[444002.0630034074, 240115.09166128168, 175180.26192123882, 2249940.9717627484, 2258384.2958867135, 2237403.5667733, 2123132.859522377]","[17, 19, 15, 12, 12, 17, 18]","[1588.235294117647, 1827.9266572637518, 930.032292787944, 967.8864824495893, 985.1767388825542, 1005.8207217694994, 1029.797377830751]",2484.0,1043.4782608695652
154,"[3729.160982737262, 194.42999253627585, 579.2514122688884, 5005.366947819989, 5136.117700427684, 2265.989445063779, 3479.720467173969]","[458612.45885789, 249285.05941412668, 218642.90363052324, 2181099.701519397, 2218306.644728154, 2267316.5647001467, 2149948.3717019064]","[18, 13, 10, 18, 17, 11, 16]","[1577.6019476567255, 1803.7578288100208, 921.1087420042644, 959.6445760829323, 978.4824462061155, 1001.1587485515643, 1026.9413629160063]",2489.0,1041.3820811570913
155,"[630.7644640978046, 205.049020268577, 782.6070995708201, 3582.923418517598, 2672.6755376467936, 1291.4984482887076, 4042.2426270246215]","[449777.0470224328, 244700.0395847392, 180232.99237768524, 2162575.23359919, 2254610.3723011846, 2234870.6012128615, 2147353.4415874057]","[13, 14, 10, 17, 11, 7, 17]","[1593.1161647203442, 1811.3207547169811, 927.3703041144902, 965.3631284916202, 982.5625473843821, 1000.7722007722008, 1019.2685804168306]",2517.0,1029.797377830751
156,"[870.1989696228779, 2079.4350686596085, 34.12787428955186, 2554.9785856504072, 2973.2268309794686, 4821.4479056937835, 3202.44270035124]","[462248.9107418083, 230684.08239516843, 192959.0012331262, 2248369.187634674, 2238564.004334376, 2233311.3215489034, 2215860.253104058]","[12, 16, 15, 12, 14, 15, 12]","[1572.8155339805826, 1810.0558659217877, 919.474991131607, 955.7522123893805, 974.0698985343855, 993.4840935224224, 1016.0721285770286]",2516.0,1030.2066772655007
157,"[1928.567762417997, 392.33147688056795, 50.52688829296331, 2667.136982251765, 4070.265274599597, 3253.9301690216266, 3614.697705967091]","[486575.2280338687, 233070.24647346666, 170666.51556706344, 2248036.6866529835, 2242953.9049570584, 2181398.959238445, 2244942.965927853]","[16, 21, 12, 13, 14, 14, 9]","[1582.4175824175825, 1825.3521126760563, 926.7071862710046, 965.3631284916202, 982.5625473843821, 998.8439306358382, 1020.8743599842458]",2507.0,1033.905065815716
158,"[151.40868254014828, 82.32734508728957, 604.0870707031104, 3487.592314507841, 2459.001576413193, 4241.8230175067765, 2479.0065771150043]","[477748.572533477, 241383.77579593303, 206066.352283492, 2244998.725736742, 2273378.9707263443, 2251656.184626839, 2173910.6248329254]","[11, 15, 20, 13, 10, 16, 11]","[1554.889022195561, 1777.7777777777778, 906.2937062937064, 944.6064139941691, 962.852897473997, 982.1902235695339, 1006.2111801242236]",2543.0,1019.2685804168306
159,"[458.2019835278229, 256.1260256445812, 877.1189614931903, 2703.710118991759, 4692.636751415081, 3743.0345742916534, 2473.6217287145605]","[471726.0057236859, 232965.06272281587, 203761.32836765103, 2240007.6621432463, 2178975.980065674, 2234092.2671572194, 2230097.1278638747]","[19, 14, 22, 12, 18, 15, 9]","[1598.0271270036992, 1848.7874465049929, 939.1304347826087, 978.1132075471698, 995.3917050691244, 1016.8693605335426, 1040.9638554216867]",2460.0,1053.658536585366
160,"[170.37237555591824, 823.6011961185498, 34.77520425661407, 4179.919718308347, 4134.090392048857, 3161.6504777650043, 4119.533970674136]","[484285.2496745067, 234657.19993100886, 196027.8263945335, 2174430.973433462, 2199695.7845993363, 2274656.4796223817, 2159651.622514954]","[19, 12, 14, 20, 15, 12, 16]","[1572.8155339805826, 1813.8558432470259, 922.0917822838848, 961.4243323442137, 978.4824462061155, 998.0747015787447, 1024.9110320284697]",2493.0,1039.71119133574
161,"[2052.263324417129, 88.62775502648662, 184.47277048285844, 3201.488211725401, 2684.4104726582113, 3539.9635360570837, 3532.8735117792303]","[454626.51073667966, 254290.3329831936, 178687.506410295, 2240328.1501657465, 2266191.4924916616, 2248085.177483078, 2059938.5965136793]","[16, 11, 17, 11, 11, 14, 17]","[1584.3520782396088, 1801.2508686587908, 922.4199288256227, 957.5175471001108, 974.4360902255639, 995.7741067998463, 1018.8679245283018]",2511.0,1032.258064516129
162,"[1265.2479401776611, 991.2700552607491, 455.5680553081548, 2660.028007762124, 5023.928351872066, 3854.4637474562187, 3385.2097503511795]","[482795.57406600786, 266758.5840427771, 174899.6842353095, 2232278.839988673, 2171789.906572452, 2256972.8883769377, 2175633.858987271]","[17, 19, 17, 11, 22, 15, 15]","[1590.1840490797547, 1838.2978723404256, 934.0540540540541, 972.2430607651913, 989.6907216494845, 1011.3148653921186, 1035.9712230215828]",2472.0,1048.5436893203882
163,"[467.6910303706402, 817.2462647338051, 182.2043872992135, 2879.782426448118, 5564.986208878858, 4914.61677485015, 2948.8708906270713]","[490720.6122400925, 215757.9092390653, 207816.6260440767, 2223127.418040587, 2180036.6675626556, 2189352.1030693264, 2198087.83455439]","[12, 10, 17, 16, 21, 18, 9]","[1597.0425138632163, 1835.6940509915014, 935.0649350649351, 971.8785151856018, 987.8048780487804, 1006.993006993007, 1034.317637669593]",2464.0,1051.948051948052
164,"[1899.6739519757657, 990.9414896771518, 410.7292092171601, 2419.5581684627073, 1182.6777267167727, 2665.235169955849, 3509.989673428821]","[456770.5361493764, 231878.591294878, 173706.1057221276, 2263199.8598357686, 2290477.0135088293, 2256644.4581810655, 2100764.5909324028]","[17, 9, 12, 9, 7, 12, 14]","[1590.1840490797547, 1807.5313807531381, 926.0450160771704, 963.2107023411371, 977.744247453791, 992.3430321592649, 1014.0845070422536]",2517.0,1029.797377830751
165,"[966.2365387617234, 85.82265212481575, 681.8101268698332, 2933.2964890431, 4521.760251649567, 1870.1595021165147, 4511.421309260733]","[482458.4383623913, 245109.49446847377, 190236.24036104023, 2196501.9367673188, 2195433.7517242073, 2223357.393522331, 2150949.5168763413]","[14, 19, 16, 16, 22, 13, 16]","[1593.1161647203442, 1827.9266572637518, 932.3741007194244, 971.8785151856018, 988.9355207935903, 1007.3843762145356, 1031.8471337579617]",2476.0,1046.8497576736672
166,"[656.9557144524539, 88.7047479460048, 744.0615311209617, 3239.9787615214723, 2531.0182251221704, 5026.191409078887, 3544.9395220166366]","[504169.47788762837, 251368.33081104353, 204822.74414994993, 2212299.759433989, 2266770.256152413, 2200165.571713585, 2164804.7037927755]","[16, 16, 14, 14, 10, 19, 17]","[1604.953560371517, 1835.6940509915014, 938.4503982621289, 977.0071617037316, 995.0095969289828, 1017.6678445229682, 1040.1284109149278]",2467.0,1050.6688285366843
167,"[1386.483669445044, 615.366799912544, 34.49675897942365, 2972.8177216044933, 3249.9117043798656, 2279.156065483446, 2558.3281986595675]","[464886.7035705971, 221716.2282170624, 192043.45723845146, 2205332.3788711387, 2279680.0322135244, 2286499.748227947, 2232404.8958108365]","[15, 13, 16, 14, 11, 9, 12]","[1598.0271270036992, 1831.8021201413428, 934.0540540540541, 972.972972972973, 987.8048780487804, 1003.4843205574913, 1024.9110320284697]",2502.0,1035.9712230215828
168,"[596.1779334605518, 2509.6941175591946, 35.91775671737685, 3672.1095889950434, 3441.2149238933443, 2313.344121192743, 3030.9986107180293]","[470731.756665113, 238788.86209292294, 201139.43761731032, 2198044.9168419503, 2248179.896034567, 2253396.9219184592, 2217040.8724715766]","[8, 19, 11, 18, 13, 8, 13]","[1589.209074187615, 1815.126050420168, 927.7022190408018, 966.0827431979128, 985.1767388825542, 1005.0407134548275, 1022.8887134964483]",2513.0,1031.4365300437723
169,"[135.86779907680517, 84.93805786887215, 745.4256903695973, 2388.407044174176, 2507.3497085417525, 1782.5399722228085, 1543.0958640645229]","[242462.45075116836, 130965.36988026793, 104741.6496991221, 1186308.2770235236, 1206232.840492567, 1229459.089038834, 1166534.3324107486]","[8, 20, 11, 16, 23, 15, 11]","[2899.3288590604025, 3301.9108280254777, 1687.5, 1759.674134419552, 1797.50346740638, 1836.9950389794471, 1878.2608695652175]",1363.0,1901.6874541452678
170,"[728.4166664717693, 625.3782570749696, 34.87979947844656, 3540.188779862283, 3128.0232270787947, 4671.731936157338, 3950.7127275652556]","[473057.593676171, 256308.73928404663, 197733.58324331354, 2224321.066943953, 2240723.3980487282, 2206645.426187709, 2093375.9721155125]","[12, 19, 12, 16, 15, 21, 16]","[1564.272782136391, 1803.7578288100208, 916.5487977369165, 955.0478997789241, 972.6078799249531, 994.2462600690449, 1024.101145792177]",2489.0,1041.3820811570913
171,"[1298.7912670689195, 1872.815750396737, 36.68837141073508, 1325.4336506747582, 798.8533085154507, 1298.9385573091256, 1158.1654078602614]","[98130.20041235042, 45852.58842785418, 42998.77129338151, 451824.53471884294, 479787.57618835836, 482124.082667493, 461490.81042491633]","[9, 14, 18, 22, 16, 17, 12]","[7556.851311953353, 8554.455445544554, 4423.208191126279, 4620.320855614973, 4687.160940325497, 4764.705882352941, 4863.039399624766]",527.0,4918.4060721062615
172,"[818.0015119644751, 508.2089520649068, 108.74674946312663, 3328.8634450786117, 4280.7736001938465, 2370.0828300378507, 4802.890779179818]","[464870.039978419, 222543.57850410906, 199076.5612692675, 2263303.2177753663, 2245464.847184765, 2288447.128828867, 2134319.398945477]","[15, 11, 17, 12, 14, 10, 14]","[1591.1602209944751, 1812.5874125874127, 927.3703041144902, 964.2857142857143, 981.4464218099205, 1002.7079303675048, 1026.5346534653465]",2493.0,1039.71119133574
173,"[1404.0930653196904, 694.8360626941482, 670.4580912807659, 2371.637681646965, 3671.0360931426108, 1826.8836072064905, 4917.771248885463]","[481176.84218001965, 226566.6744237074, 183168.63502895736, 2213078.9687999743, 2224940.558919538, 2282911.8581975815, 2114808.322446621]","[19, 12, 11, 9, 14, 9, 20]","[1582.4175824175825, 1827.9266572637518, 927.7022190408018, 966.0827431979128, 982.5625473843821, 1000.7722007722008, 1024.9110320284697]",2491.0,1040.5459654757126
174,"[1785.396828543999, 1348.62172671322, 59.98189945863028, 2767.5631019474054, 4561.0089155579935, 3370.8720834466244, 3789.534140229144]","[481796.63608839794, 238692.62987916404, 199768.2994766911, 2267998.886537144, 2104563.909293593, 2229488.4195611053, 2189396.3687905916]","[14, 18, 17, 10, 27, 18, 12]","[1602.9684601113172, 1833.097595473833, 938.4503982621289, 977.0071617037316, 996.5397923875432, 1019.669551534225, 1040.9638554216867]",2465.0,1051.521298174442
175,"[1202.8292349712965, 644.1503083020206, 1080.1036177937199, 3500.153273982509, 3380.9383268628844, 2121.8697843268083, 4175.591719782789]","[477223.51530062524, 219887.42209964027, 176161.36852873568, 2191023.3020156263, 2202084.6673291484, 2248825.401394832, 2112684.6074757776]","[14, 12, 16, 15, 16, 9, 14]","[1572.8155339805826, 1807.5313807531381, 919.8012775017743, 958.5798816568048, 974.8025573523881, 992.3430321592649, 1016.8693605335426]",2514.0,1031.0262529832935
176,"[1400.9361246271687, 720.8396010873491, 927.1330474885642, 5368.619129096103, 2893.622830586556, 4433.749915990189, 1528.1536624883113]","[483897.05849239335, 229958.12728570853, 196825.0738498757, 2189761.90621712, 2189764.825703451, 2256451.405016751, 2226331.5849342574]","[17, 11, 10, 22, 15, 15, 8]","[1582.4175824175825, 1812.5874125874127, 924.3937232524964, 963.5687732342008, 982.1902235695339, 1003.0959752321982, 1024.101145792177]",2505.0,1034.7305389221558
177,"[2388.188367184351, 93.88741478399848, 552.0363285225203, 2966.09148980593, 3525.667634493024, 4086.6811766085216, 2017.6598070203784]","[493112.8405602885, 265752.2308272824, 191705.63767585187, 2203851.858254996, 2209037.154289608, 2215082.9118008255, 2241329.1314290646]","[16, 19, 10, 15, 15, 20, 9]","[1587.2627066748316, 1825.3521126760563, 928.6993908993193, 967.1641791044776, 985.5513307984791, 1008.5603112840467, 1033.905065815716]",2476.0,1046.8497576736672
178,"[1692.5677077800083, 1095.4633198968615, 33.86624561809122, 4574.811960861683, 3223.7813678824327, 4761.973864583389, 4385.5063989636]","[466453.30663597316, 270061.00672618055, 193499.31222832535, 2169397.8424628973, 2234906.471736869, 2199816.125497822, 2112473.9248458617]","[7, 18, 17, 19, 13, 18, 13]","[1558.6289837642814, 1782.6685006877578, 908.5173501577287, 945.640277271069, 963.5687732342008, 983.3080424886191, 1007.3843762145356]",2537.0,1021.6791486007095
179,"[668.2023582624839, 88.05024625125196, 24.545750924804413, 447.11036567209675, 734.881995836234, 761.9041246819306, 1251.8976613258042]","[64047.52978490856, 33547.143821727, 18262.038688054483, 305062.7086553237, 301557.56019431655, 297897.14574846503, 265909.8809572313]","[15, 12, 15, 15, 21, 13, 17]","[11835.616438356165, 13642.105263157895, 6967.741935483871, 7260.504201680672, 7342.776203966006, 7513.04347826087, 7807.22891566265]",325.0,7975.384615384615
180,"[1108.8161350885177, 968.9837924278384, 35.36786412737891, 3657.659641565725, 3090.9454992875035, 2918.329952495435, 4316.708960341091]","[479279.9632601547, 224421.67382605534, 198291.8269521961, 2240488.0029430557, 2232596.511630236, 2227974.8197931857, 2177279.1515092053]","[13, 15, 13, 12, 14, 11, 13]","[1584.3520782396088, 1811.3207547169811, 925.0535331905782, 962.1380846325167, 978.8519637462235, 999.6143463170073, 1022.0820189274448]",2507.0,1033.905065815716
181,"[1060.8356859865912, 978.663047546907, 35.67375027776519, 3652.536378140882, 2828.645962435638, 3288.9800130197086, 6368.902961207975]","[440218.6514942165, 221949.06122706475, 198310.37779409668, 2147102.373027568, 2225128.4077769555, 2256921.533171983, 2038017.2859386932]","[16, 12, 16, 17, 12, 13, 24]","[1598.0271270036992, 1831.8021201413428, 935.4023818116203, 975.1693002257337, 991.9632606199771, 1010.5263157894736, 1035.9712230215828]",2466.0,1051.094890510949
182,"[331.6591859402091, 1590.0085945106903, 37.12904458377592, 4835.849642975035, 4260.06674272086, 3777.6448069232224, 2423.4921340272253]","[475824.1755801502, 201842.00988439462, 206060.31355975172, 2142766.1825298015, 2210244.7345590503, 2293815.864703696, 2242712.6668679793]","[10, 11, 14, 23, 19, 10, 10]","[1600.9882643607166, 1830.5084745762713, 935.0649350649351, 973.7039819684447, 992.3430321592649, 1013.2916340891321, 1036.3854458216713]",2473.0,1048.1196926809544
183,"[829.1409836030201, 413.42387908581304, 35.701972280234585, 2417.132283593365, 3199.4987746314396, 4443.139706530774, 2563.139792862668]","[478507.0448641204, 265661.6200601973, 199252.70729598924, 2233030.5451118383, 2182720.412723896, 2224694.780376327, 2191614.401379332]","[12, 27, 16, 11, 14, 16, 11]","[1587.2627066748316, 1836.9950389794471, 931.7038102084831, 968.2480388494583, 986.6768176627331, 1009.7389949357226, 1033.080908728577]",2477.0,1046.4271295922488
184,"[981.3927422463253, 80.46981235934955, 148.05480581162843, 3328.257156491101, 1988.8213860123155, 1755.2346958610763, 4621.747107918499]","[463998.73723146407, 232070.57884318737, 178704.55949136123, 2239116.4793518377, 2256875.2277570846, 2307008.451743795, 2132975.904596265]","[15, 16, 10, 11, 7, 5, 15]","[1570.909090909091, 1797.50346740638, 916.5487977369165, 952.5909592061741, 967.8864824495893, 987.8048780487804, 1013.687915526007]",2520.0,1028.5714285714287
185,"[1256.657262816553, 458.65703829571373, 39.036857605993845, 3850.062778900664, 4943.669309466628, 2837.0464449409023, 2924.9049512042875]","[486675.776221551, 239092.38752979168, 216810.70714368983, 2192972.331321695, 2162745.8425310403, 2254734.5637019384, 2217789.09672506]","[15, 14, 13, 19, 19, 11, 13]","[1600.0, 1835.6940509915014, 935.7400722021661, 975.1693002257337, 996.5397923875432, 1014.481409001957, 1033.4928229665072]",2476.0,1046.8497576736672
186,"[1664.0285961325894, 1347.8189955886128, 81.2341399280933, 4137.782871166707, 2619.2371791186956, 1798.5247687325516, 2593.9105555673664]","[453296.63288349647, 228907.47617284872, 197398.21272062743, 2243360.030195714, 2209341.4117018855, 2279107.5436035595, 2186650.901849936]","[20, 18, 12, 16, 12, 9, 11]","[1581.4521049420377, 1822.7848101265822, 926.0450160771704, 965.7228017883756, 984.0546697038725, 1002.3201856148492, 1023.696682464455]",2504.0,1035.1437699680512
187,"[1149.5229340208543, 508.69151339032766, 451.697078090152, 3752.772559703109, 3307.571837558943, 2078.4811307372247, 3902.941257520167]","[446730.6045323779, 232985.16106310295, 199754.64119786723, 2251474.097367276, 2237791.377158976, 2294406.641864456, 2152458.819047595]","[12, 19, 23, 11, 13, 8, 14]","[1585.3211009174313, 1810.0558659217877, 925.0535331905782, 962.852897473997, 980.3328290468986, 1000.7722007722008, 1021.6791486007095]",2510.0,1032.6693227091635
Experiment,Mean Idle Times,Sum Idle Times,Downtime,Mean CT,Parts Done,Cycle Time
1,"[1101.3860086494997, 82.59208466015522, 316.0972794908898, 3940.516778510805, 4848.103324622501, 3259.107653545317, 4622.73283481903]","[463714.2504610756, 240508.150530372, 209997.43344088367, 2226646.405233482, 2247215.6299815685, 2241921.6437675203, 2116862.8785020234]","[12, 11, 16, 13, 15, 12, 17]","[1567.1100362756954, 1787.5862068965516, 913.6411702502644, 951.5418502202643, 968.9719626168225, 988.558352402746, 1012.8956623681125]",2523.0,1027.3483947681332
2,"[1850.550019992793, 258.5177875323861, 280.01252861315794, 2764.6866518505585, 2463.22987898481, 3391.035396560664, 3733.139261929931]","[462430.806465212, 218595.37735000154, 197513.20925185116, 2239615.8503388586, 2287767.111059177, 2237428.458681939, 2112880.7472558925]","[18, 16, 17, 14, 9, 14, 18]","[1603.960396039604, 1842.2174840085288, 939.1304347826087, 976.6390354182366, 992.7230945997702, 1014.481409001957, 1039.2943063352045]",2464.0,1051.948051948052
3,"[145.583362952697, 84.1330357710229, 317.0848782396833, 1607.039348116457, 3935.626044282702, 3864.06552669937, 2797.7335626856493]","[473349.9754843446, 239146.36558647774, 207313.16867873346, 2239441.099390916, 2237189.2685270524, 2205194.217378027, 2206610.446428146]","[13, 7, 20, 11, 15, 15, 11]","[1596.0591133004925, 1817.671809256662, 930.032292787944, 967.525195968645, 983.6812144212523, 1003.0959752321982, 1025.7222002374358]",2497.0,1038.045654785743
4,"[450.3650361206343, 1656.7578941484774, 88.92017987768806, 3424.10465458862, 2944.065930566071, 3198.894154129842, 6125.437759783454]","[474366.49909410626, 246395.17920410787, 184837.9678581935, 2262300.642340453, 2259093.1993732797, 2236181.0592046017, 2057802.9142742155]","[12, 20, 13, 14, 13, 12, 23]","[1581.4521049420377, 1813.8558432470259, 926.0450160771704, 965.0037230081906, 983.3080424886191, 1004.6511627906976, 1029.3884034948371]",2484.0,1043.4782608695652
5,"[1684.6758628932553, 84.46946585518043, 726.1588717212633, 2574.6861494297837, 3131.8532365860137, 3616.8035387974187, 1985.8238183374292]","[456664.11138980486, 244588.54796081284, 176931.17584077967, 2252624.5534785558, 2255889.943049026, 2251026.491702433, 2203156.153082132]","[20, 17, 18, 10, 12, 14, 9]","[1569.9576014536644, 1788.8198757763976, 913.9633286318759, 949.798460974716, 967.1641791044776, 990.4470768055024, 1013.687915526007]",2530.0,1024.505928853755
6,"[1453.5955305766586, 321.67654942074137, 864.7730783194097, 4006.6285917163536, 3309.2274483744095, 5591.348714108694, 2921.8602780388333]","[462436.09998010506, 229255.67289311, 195160.3069043572, 2238166.8310774555, 2219934.1016967776, 2232699.740127314, 2185568.0606998573]","[14, 17, 13, 17, 15, 21, 14]","[1591.1602209944751, 1831.8021201413428, 933.0453563714902, 972.6078799249531, 990.4470768055024, 1011.7096018735363, 1038.4615384615386]",2461.0,1053.23039414872
7,"[707.7684536427881, 646.9521391976401, 194.93902635680675, 3621.0830116139146, 5201.956851033054, 3062.424119418291, 3248.980925929103]","[469084.76860109065, 228525.8264186733, 218726.8277050882, 2213357.314586294, 2204967.9124669246, 2250103.2714661136, 2189011.8606121833]","[7, 16, 12, 19, 20, 15, 15]","[1576.6423357664235, 1803.7578288100208, 921.1087420042644, 961.4243323442137, 982.9351535836178, 1005.4305663304888, 1026.5346534653465]",2499.0,1037.2148859543818
8,"[466.9367766692868, 522.5108494974417, 29.42032559304379, 1724.3568566563793, 2132.4369186866293, 4722.547285543814, 3365.643172441294]","[465638.1879249818, 231295.67261758383, 167767.470640479, 2267663.717932309, 2258495.0204980457, 2235198.3887628308, 2133251.2100384966]","[8, 13, 12, 9, 8, 21, 13]","[1562.386980108499, 1780.2197802197802, 909.7929097929098, 945.640277271069, 960.3556872915894, 979.9621928166351, 1003.8729666924864]",2549.0,1016.8693605335426
9,"[994.631988859797, 308.6558332010022, 39.71614927388093, 2780.297282616129, 2703.862970190704, 1837.4973493309953, 1946.0952255283023]","[281692.8509610387, 138768.0248591654, 135563.10733215115, 1420928.3864923038, 1403656.0323902352, 1441815.5820382014, 1396419.7035119638]","[16, 10, 23, 11, 14, 10, 11]","[2589.4105894105896, 2952.1640091116174, 1515.7894736842106, 1576.6423357664235, 1597.0425138632163, 1627.1186440677966, 1665.8097686375322]",1537.0,1686.4020819778789
10,"[1316.922764828656, 2051.8908159811763, 902.6333298792649, 6066.427013152581, 4068.383428538112, 2343.045806508101, 2207.263555364636]","[415376.15075610153, 237561.18053646584, 204163.68152709294, 2170529.2264591358, 2233600.625288013, 2275743.6971775256, 2200575.9874802115]","[9, 13, 15, 23, 15, 10, 12]","[1583.3842394624312, 1792.5311203319502, 920.1277955271565, 960.3556872915894, 981.8181818181819, 1004.6511627906976, 1024.101145792177]",2513.0,1031.4365300437723
11,"[2508.416350406505, 90.91221510164675, 541.0406095223948, 3885.681329831976, 4022.4467724523583, 3238.1640343118734, 3462.8889858529733]","[481729.3560656905, 258002.5008786536, 222686.24962319486, 2188202.739784062, 2171133.897558661, 2271623.889749624, 2120437.5202074796]","[13, 17, 21, 18, 15, 11, 15]","[1600.9882643607166, 1826.6384778012684, 934.0540540540541, 972.2430607651913, 990.8256880733945, 1008.9528999610743, 1031.0262529832935]",2480.0,1045.1612903225807
12,"[1985.6217689277605, 1926.1542949986647, 65.56316506803056, 4860.305344298248, 3078.3734513801655, 4809.0339351451685, 3936.457002510392]","[487757.81647695566, 227305.38015761884, 206533.24412178667, 2170072.92508087, 2224461.0715647084, 2244339.939519015, 2201856.113831632]","[11, 16, 17, 22, 13, 18, 13]","[1609.9378881987577, 1851.4285714285713, 945.2954048140044, 986.3013698630137, 1005.4305663304888, 1027.755749405234, 1052.8025995125913]",2431.0,1066.2278897573015
13,"[133.67791117785728, 2144.782649089202, 746.5321866797515, 3123.8297010827937, 2956.86939566147, 1971.812227913244, 3372.8320968093763]","[436315.02908809343, 214028.82154754142, 182885.01683459576, 2227927.025201202, 2226831.5908708978, 2261580.2766865743, 2186537.547433092]","[11, 11, 14, 11, 14, 11, 12]","[1591.1602209944751, 1808.7927424982554, 926.0450160771704, 962.4953583364278, 978.8519637462235, 996.9230769230769, 1016.0721285770286]",2525.0,1026.5346534653465
14,"[1995.990643187467, 207.0860919204152, 308.5367637785948, 2936.968406730603, 3067.845462966723, 2001.0845863453123, 3904.594670266332]","[428156.1391656407, 244294.50941369933, 200291.77397894516, 2241020.7835074663, 2220094.346997764, 2280570.5421354575, 2137176.970715087]","[18, 13, 24, 11, 14, 10, 13]","[1608.9385474860335, 1834.3949044585988, 937.4321880650995, 977.744247453791, 993.4840935224224, 1008.1680280046675, 1031.0262529832935]",2479.0,1045.582896329165
15,"[344.004151727098, 858.0247062430908, 151.06032072754272, 3173.6706024455557, 5854.661881182492, 1103.8191407064253, 2178.597032552672]","[484815.22104580456, 239379.6922357744, 219259.76779996284, 2256473.4321568618, 2182563.5976560293, 2277085.7018058193, 2199688.0436711824]","[14, 15, 16, 14, 22, 11, 12]","[1605.9479553903345, 1842.2174840085288, 939.1304347826087, 977.3755656108598, 999.2289899768697, 1022.0820189274448, 1042.6387771520515]",2459.0,1054.0870272468483
16,"[1530.829216244096, 89.93580146377909, 476.9298049776404, 4349.836655052067, 2792.83304089921, 2551.2538679673708, 3612.167619034434]","[480544.38723820064, 254428.38234103104, 199463.29071349555, 2221224.714805164, 2256303.298768415, 2213676.91801428, 2197013.5748404725]","[21, 10, 17, 18, 11, 15, 12]","[1598.0271270036992, 1839.6025550035486, 936.7546078785689, 976.6390354182366, 993.1034482758621, 1010.5263157894736, 1032.258064516129]",2481.0,1044.7400241837968
17,"[2015.2228785973002, 1509.351876592883, 436.91540525496225, 2825.6403900155997, 4317.182048180417, 2206.5589004773306, 2068.4074851364912]","[434438.5775107428, 227432.02964773763, 195739.06324029923, 2245011.9695359897, 2194928.3241033787, 2296076.312377971, 2234697.918190035]","[10, 12, 18, 10, 17, 9, 7]","[1600.9882643607166, 1833.097595473833, 938.1107491856677, 977.0071617037316, 994.2462600690449, 1012.1046466224132, 1031.0262529832935]",2487.0,1042.2195416164052
18,"[1420.4275988641198, 76.80643839010955, 489.7860474818615, 2034.1110820359988, 3447.357580113226, 3057.495887612608, 2812.2719559650136]","[458076.5081449058, 222508.25201614737, 177945.82332378617, 2222835.409666031, 2218240.2395976344, 2258689.650304481, 2189372.0770303477]","[13, 12, 13, 10, 16, 11, 12]","[1576.6423357664235, 1797.50346740638, 918.8231123714995, 955.7522123893805, 973.7039819684447, 991.583779648049, 1012.8956623681125]",2524.0,1026.9413629160063
19,"[605.0264448427619, 698.9513317592437, 1010.6496872461678, 3022.7943253993844, 3462.8836218243746, 5955.597715396725, 4044.557159164317]","[465169.03657932754, 233834.35763801006, 181735.89914532445, 2217858.5516901743, 2240649.81440987, 2138182.2799793635, 2156832.8553596055]","[12, 20, 16, 16, 17, 25, 14]","[1602.9684601113172, 1830.5084745762713, 935.7400722021661, 976.271186440678, 994.6277820414429, 1016.4705882352941, 1043.0583501006035]",2451.0,1057.5275397796818
20,"[2557.0095413037543, 83.56263603881455, 35.667345119349164, 4078.9301946820383, 4579.62035919382, 2259.7477823811123, 3924.3649613070615]","[465865.0898319421, 237819.26216646621, 198060.76744774592, 2234609.722459054, 2204973.485376915, 2273749.114618682, 2122909.4146626163]","[20, 15, 8, 12, 21, 9, 14]","[1596.0591133004925, 1831.8021201413428, 935.0649350649351, 972.2430607651913, 989.6907216494845, 1012.5, 1035.1437699680512]",2476.0,1046.8497576736672
